caso,t,sigma,criterio,ciclo,r_k,r_prev,q_k
cero γ≈1000,1001.3494,0.5,angular,1,0.074791,0.093812,0.797242
cero γ≈1000,1001.3494,0.5,angular,2,0.065155,0.074791,0.871165
cero γ≈1000,1001.3494,0.5,angular,3,0.058800,0.065155,0.902459
cero γ≈1000,1001.3494,0.5,angular,4,0.053793,0.058800,0.914852
cero γ≈1000,1001.3494,0.5,angular,5,0.050255,0.053793,0.934223
cero γ≈1000,1001.3494,0.5,angular,6,0.047548,0.050255,0.946141
cero γ≈1000,1001.3494,0.5,angular,7,0.045462,0.047548,0.956131
cero γ≈1000,1001.3494,0.5,angular,8,0.043887,0.045462,0.965342
cero γ≈1000,1001.3494,0.5,angular,9,0.042089,0.043887,0.959044
cero γ≈1000,1001.3494,0.5,angular,10,0.040941,0.042089,0.972726
cero γ≈1000,1001.3494,0.5,angular,11,0.039641,0.040941,0.968244
cero γ≈1000,1001.3494,0.5,angular,12,0.038644,0.039641,0.974860
cero γ≈1000,1001.3494,0.5,angular,13,0.037775,0.038644,0.977496
cero γ≈1000,1001.3494,0.5,angular,14,0.036991,0.037775,0.979249
cero γ≈1000,1001.3494,0.5,angular,15,0.036259,0.036991,0.980225
cero γ≈1000,1001.3494,0.5,angular,16,0.035550,0.036259,0.980437
cero γ≈1000,1001.3494,0.5,angular,17,0.034842,0.035550,0.980072
cero γ≈1000,1001.3494,0.5,angular,18,0.034473,0.034842,0.989409
cero γ≈1000,1001.3494,0.5,angular,19,0.034105,0.034473,0.989346
cero γ≈1000,1001.3494,0.5,angular,20,0.033378,0.034105,0.978671
cero γ≈1000,1001.3494,0.5,angular,21,0.033181,0.033378,0.994099
cero γ≈1000,1001.3494,0.5,angular,22,0.032726,0.033181,0.986286
cero γ≈1000,1001.3494,0.5,angular,23,0.032311,0.032726,0.987329
cero γ≈1000,1001.3494,0.5,angular,24,0.032061,0.032311,0.992248
cero γ≈1000,1001.3494,0.5,angular,25,0.031736,0.032061,0.989868
cero γ≈1000,1001.3494,0.5,angular,26,0.031317,0.031736,0.986802
cero γ≈1000,1001.3494,0.5,angular,27,0.031372,0.031317,1.001768
cero γ≈1000,1001.3494,0.5,angular,28,0.030735,0.031372,0.979682
cero γ≈1000,1001.3494,0.5,angular,29,0.030692,0.030735,0.998605
cero γ≈1000,1001.3494,0.5,angular,30,0.030608,0.030692,0.997259
cero γ≈1000,1001.3494,0.5,angular,31,0.030132,0.030608,0.984465
cero γ≈1000,1001.3494,0.5,angular,32,0.029807,0.030132,0.989211
cero γ≈1000,1001.3494,0.5,angular,33,0.030056,0.029807,1.008350
cero γ≈1000,1001.3494,0.5,angular,34,0.029780,0.030056,0.990795
cero γ≈1000,1001.3494,0.5,angular,35,0.029465,0.029780,0.989426
cero γ≈1000,1001.3494,0.5,angular,36,0.029227,0.029465,0.991932
cero γ≈1000,1001.3494,0.5,angular,37,0.029062,0.029227,0.994344
cero γ≈1000,1001.3494,0.5,angular,38,0.029143,0.029062,1.002802
cero γ≈1000,1001.3494,0.5,angular,39,0.029060,0.029143,0.997165
cero γ≈1000,1001.3494,0.5,angular,40,0.028874,0.029060,0.993581
cero γ≈1000,1001.3494,0.5,angular,41,0.028701,0.028874,0.994025
cero γ≈1000,1001.3494,0.5,angular,42,0.028551,0.028701,0.994766
cero γ≈1000,1001.3494,0.5,angular,43,0.028423,0.028551,0.995518
cero γ≈1000,1001.3494,0.5,angular,44,0.028313,0.028423,0.996138
cero γ≈1000,1001.3494,0.5,angular,45,0.028217,0.028313,0.996587
cero γ≈1000,1001.3494,0.5,angular,46,0.026754,0.028217,0.948153
cero γ≈1000,1001.3494,0.5,angular,47,0.027529,0.026754,1.028964
cero γ≈1000,1001.3494,0.5,angular,48,0.027463,0.027529,0.997615
cero γ≈1000,1001.3494,0.5,angular,49,0.027504,0.027463,1.001489
cero γ≈1000,1001.3494,0.5,angular,50,0.027602,0.027504,1.003576
cero γ≈1000,1001.3494,0.5,angular,51,0.027684,0.027602,1.002960
cero γ≈1000,1001.3494,0.5,angular,52,0.027709,0.027684,1.000906
cero γ≈1000,1001.3494,0.5,angular,53,0.027675,0.027709,0.998777
cero γ≈1000,1001.3494,0.5,angular,54,0.027746,0.027675,1.002563
cero γ≈1000,1001.3494,0.5,angular,55,0.027810,0.027746,1.002312
cero γ≈1000,1001.3494,0.5,angular,56,0.027868,0.027810,1.002077
cero γ≈1000,1001.3494,0.5,angular,57,0.027921,0.027868,1.001893
cero γ≈1000,1001.3494,0.5,angular,58,0.027970,0.027921,1.001768
cero γ≈1000,1001.3494,0.5,angular,59,0.028018,0.027970,1.001701
cero γ≈1000,1001.3494,0.5,angular,60,0.028065,0.028018,1.001688
cero γ≈1000,1001.3494,0.5,angular,61,0.028114,0.028065,1.001728
cero γ≈1000,1001.3494,0.5,angular,62,0.028165,0.028114,1.001819
cero γ≈1000,1001.3494,0.5,angular,63,0.028220,0.028165,1.001964
cero γ≈1000,1001.3494,0.5,angular,64,0.028281,0.028220,1.002158
cero γ≈1000,1001.3494,0.5,angular,65,0.028348,0.028281,1.002388
cero γ≈1000,1001.3494,0.5,angular,66,0.028421,0.028348,1.002563
cero γ≈1000,1001.3494,0.5,angular,67,0.028381,0.028421,0.998589
cero γ≈1000,1001.3494,0.5,angular,68,0.028457,0.028381,1.002663
cero γ≈1000,1001.3494,0.5,angular,69,0.028548,0.028457,1.003210
cero γ≈1000,1001.3494,0.5,angular,70,0.028653,0.028548,1.003674
cero γ≈1000,1001.3494,0.5,angular,71,0.028619,0.028653,0.998817
cero γ≈1000,1001.3494,0.5,angular,72,0.028689,0.028619,1.002434
cero γ≈1000,1001.3494,0.5,angular,73,0.028827,0.028689,1.004816
cero γ≈1000,1001.3494,0.5,angular,74,0.028786,0.028827,0.998575
cero γ≈1000,1001.3494,0.5,angular,75,0.028888,0.028786,1.003545
cero γ≈1000,1001.3494,0.5,angular,76,0.028965,0.028888,1.002666
cero γ≈1000,1001.3494,0.5,angular,77,0.028969,0.028965,1.000148
cero γ≈1000,1001.3494,0.5,angular,78,0.029101,0.028969,1.004563
cero γ≈1000,1001.3494,0.5,angular,79,0.029083,0.029101,0.999370
cero γ≈1000,1001.3494,0.5,angular,80,0.029207,0.029083,1.004263
cero γ≈1000,1001.3494,0.5,angular,81,0.029240,0.029207,1.001149
cero γ≈1000,1001.3494,0.5,angular,82,0.029292,0.029240,1.001761
cero γ≈1000,1001.3494,0.5,angular,83,0.029432,0.029292,1.004772
cero γ≈1000,1001.3494,0.5,angular,84,0.029375,0.029432,0.998058
cero γ≈1000,1001.3494,0.5,angular,85,0.029493,0.029375,1.004019
cero γ≈1000,1001.3494,0.5,angular,86,0.029602,0.029493,1.003703
cero γ≈1000,1001.3494,0.5,angular,87,0.029623,0.029602,1.000716
cero γ≈1000,1001.3494,0.5,angular,88,0.029661,0.029623,1.001271
cero γ≈1000,1001.3494,0.5,angular,89,0.029752,0.029661,1.003082
cero γ≈1000,1001.3494,0.5,angular,90,0.029835,0.029752,1.002782
cero γ≈1000,1001.3494,0.5,angular,91,0.029910,0.029835,1.002519
cero γ≈1000,1001.3494,0.5,angular,92,0.029979,0.029910,1.002318
cero γ≈1000,1001.3494,0.5,angular,93,0.030045,0.029979,1.002180
cero γ≈1000,1001.3494,0.5,angular,94,0.030108,0.030045,1.002096
cero γ≈1000,1001.3494,0.5,angular,95,0.030170,0.030108,1.002058
cero γ≈1000,1001.3494,0.5,angular,96,0.030232,0.030170,1.002060
cero γ≈1000,1001.3494,0.5,angular,97,0.030295,0.030232,1.002101
cero γ≈1000,1001.3494,0.5,angular,98,0.030362,0.030295,1.002187
cero γ≈1000,1001.3494,0.5,angular,99,0.030432,0.030362,1.002323
cero γ≈1000,1001.3494,0.5,angular,100,0.030509,0.030432,1.002514
cero γ≈1000,1001.3494,0.5,angular,101,0.030593,0.030509,1.002754
cero γ≈1000,1001.3494,0.5,angular,102,0.030685,0.030593,1.003015
cero γ≈1000,1001.3494,0.5,angular,103,0.030718,0.030685,1.001084
cero γ≈1000,1001.3494,0.5,angular,104,0.030781,0.030718,1.002051
cero γ≈1000,1001.3494,0.5,angular,105,0.030894,0.030781,1.003652
cero γ≈1000,1001.3494,0.5,angular,106,0.030959,0.030894,1.002134
cero γ≈1000,1001.3494,0.5,angular,107,0.030999,0.030959,1.001287
cero γ≈1000,1001.3494,0.5,angular,108,0.031156,0.030999,1.005044
cero γ≈1000,1001.3494,0.5,angular,109,0.031118,0.031156,0.998805
cero γ≈1000,1001.3494,0.5,angular,110,0.031286,0.031118,1.005385
cero γ≈1000,1001.3494,0.5,angular,111,0.031294,0.031286,1.000247
cero γ≈1000,1001.3494,0.5,angular,112,0.031450,0.031294,1.004998
cero γ≈1000,1001.3494,0.5,angular,113,0.031436,0.031450,0.999548
cero γ≈1000,1001.3494,0.5,angular,114,0.031570,0.031436,1.004264
cero γ≈1000,1001.3494,0.5,angular,115,0.031659,0.031570,1.002812
cero γ≈1000,1001.3494,0.5,angular,116,0.031685,0.031659,1.000817
cero γ≈1000,1001.3494,0.5,angular,117,0.031796,0.031685,1.003524
cero γ≈1000,1001.3494,0.5,angular,118,0.031897,0.031796,1.003180
cero γ≈1000,1001.3494,0.5,angular,119,0.031989,0.031897,1.002869
cero γ≈1000,1001.3494,0.5,angular,120,0.031995,0.031989,1.000192
cero γ≈1000,1001.3494,0.5,angular,121,0.032103,0.031995,1.003376
cero γ≈1000,1001.3494,0.5,angular,122,0.032191,0.032103,1.002750
cero γ≈1000,1001.3494,0.5,angular,123,0.032277,0.032191,1.002650
cero γ≈1000,1001.3494,0.5,angular,124,0.032360,0.032277,1.002595
cero γ≈1000,1001.3494,0.5,angular,125,0.032444,0.032360,1.002584
cero γ≈1000,1001.3494,0.5,angular,126,0.032529,0.032444,1.002618
cero γ≈1000,1001.3494,0.5,angular,127,0.032617,0.032529,1.002694
cero γ≈1000,1001.3494,0.5,angular,128,0.032725,0.032617,1.003326
cero γ≈1000,1001.3494,0.5,angular,129,0.032759,0.032725,1.001023
cero γ≈1000,1001.3494,0.5,angular,130,0.032850,0.032759,1.002788
cero γ≈1000,1001.3494,0.5,angular,131,0.032950,0.032850,1.003055
cero γ≈1000,1001.3494,0.5,angular,132,0.033076,0.032950,1.003830
cero γ≈1000,1001.3494,0.5,angular,133,0.033087,0.033076,1.000308
cero γ≈1000,1001.3494,0.5,angular,134,0.033208,0.033087,1.003655
cero γ≈1000,1001.3494,0.5,angular,135,0.033313,0.033208,1.003174
cero γ≈1000,1001.3494,0.5,angular,136,0.033363,0.033313,1.001513
cero γ≈1000,1001.3494,0.5,angular,137,0.033495,0.033363,1.003955
cero γ≈1000,1001.3494,0.5,angular,138,0.033539,0.033495,1.001313
cero γ≈1000,1001.3494,0.5,angular,139,0.033657,0.033539,1.003517
cero γ≈1000,1001.3494,0.5,angular,140,0.033747,0.033657,1.002657
cero γ≈1000,1001.3494,0.5,angular,141,0.033809,0.033747,1.001853
cero γ≈1000,1001.3494,0.5,angular,142,0.033928,0.033809,1.003512
cero γ≈1000,1001.3494,0.5,angular,143,0.034036,0.033928,1.003199
cero γ≈1000,1001.3494,0.5,angular,144,0.034082,0.034036,1.001329
cero γ≈1000,1001.3494,0.5,angular,145,0.034180,0.034082,1.002887
cero γ≈1000,1001.3494,0.5,angular,146,0.034280,0.034180,1.002933
cero γ≈1000,1001.3494,0.5,angular,147,0.034377,0.034280,1.002813
cero γ≈1000,1001.3494,0.5,angular,148,0.034471,0.034377,1.002734
cero γ≈1000,1001.3494,0.5,angular,149,0.034564,0.034471,1.002698
cero γ≈1000,1001.3494,0.5,angular,150,0.034657,0.034564,1.002704
cero γ≈1000,1001.3494,0.5,angular,151,0.034753,0.034657,1.002750
cero γ≈1000,1001.3494,0.5,angular,152,0.034851,0.034753,1.002835
cero γ≈1000,1001.3494,0.5,angular,153,0.034962,0.034851,1.003169
cero γ≈1000,1001.3494,0.5,angular,154,0.035020,0.034962,1.001675
cero γ≈1000,1001.3494,0.5,angular,155,0.035126,0.035020,1.003023
cero γ≈1000,1001.3494,0.5,angular,156,0.035241,0.035126,1.003276
cero γ≈1000,1001.3494,0.5,angular,157,0.035322,0.035241,1.002284
cero γ≈1000,1001.3494,0.5,angular,158,0.035419,0.035322,1.002747
cero γ≈1000,1001.3494,0.5,angular,159,0.035535,0.035419,1.003285
cero γ≈1000,1001.3494,0.5,angular,160,0.035608,0.035535,1.002048
cero γ≈1000,1001.3494,0.5,angular,161,0.035726,0.035608,1.003317
cero γ≈1000,1001.3494,0.5,angular,162,0.035820,0.035726,1.002630
cero γ≈1000,1001.3494,0.5,angular,163,0.035905,0.035820,1.002380
cero γ≈1000,1001.3494,0.5,angular,164,0.036028,0.035905,1.003429
cero γ≈1000,1001.3494,0.5,angular,165,0.036142,0.036028,1.003166
cero γ≈1000,1001.3494,0.5,angular,166,0.036196,0.036142,1.001495
cero γ≈1000,1001.3494,0.5,angular,167,0.036312,0.036196,1.003203
cero γ≈1000,1001.3494,0.5,angular,168,0.036419,0.036312,1.002953
cero γ≈1000,1001.3494,0.5,angular,169,0.036524,0.036419,1.002866
cerca del cero (+0,15),1001.4994,0.5,angular,1,0.074924,0.093889,0.798001
cerca del cero (+0,15),1001.4994,0.5,angular,2,0.065357,0.074924,0.872312
cerca del cero (+0,15),1001.4994,0.5,angular,3,0.058784,0.065357,0.899427
cerca del cero (+0,15),1001.4994,0.5,angular,4,0.053655,0.058784,0.912753
cerca del cero (+0,15),1001.4994,0.5,angular,5,0.050333,0.053655,0.938086
cerca del cero (+0,15),1001.4994,0.5,angular,6,0.047548,0.050333,0.944667
cerca del cero (+0,15),1001.4994,0.5,angular,7,0.045171,0.047548,0.950007
cerca del cero (+0,15),1001.4994,0.5,angular,8,0.043962,0.045171,0.973246
cerca del cero (+0,15),1001.4994,0.5,angular,9,0.041752,0.043962,0.949722
cerca del cero (+0,15),1001.4994,0.5,angular,10,0.040902,0.041752,0.979643
cerca del cero (+0,15),1001.4994,0.5,angular,11,0.039774,0.040902,0.972428
cerca del cero (+0,15),1001.4994,0.5,angular,12,0.038739,0.039774,0.973972
cerca del cero (+0,15),1001.4994,0.5,angular,13,0.037812,0.038739,0.976070
cerca del cero (+0,15),1001.4994,0.5,angular,14,0.036972,0.037812,0.977782
cerca del cero (+0,15),1001.4994,0.5,angular,15,0.036191,0.036972,0.978879
cerca del cero (+0,15),1001.4994,0.5,angular,16,0.035453,0.036191,0.979601
cerca del cero (+0,15),1001.4994,0.5,angular,17,0.034769,0.035453,0.980726
cerca del cero (+0,15),1001.4994,0.5,angular,18,0.035129,0.034769,1.010331
cerca del cero (+0,15),1001.4994,0.5,angular,19,0.033863,0.035129,0.963974
cerca del cero (+0,15),1001.4994,0.5,angular,20,0.033202,0.033863,0.980473
cerca del cero (+0,15),1001.4994,0.5,angular,21,0.033709,0.033202,1.015283
cerca del cero (+0,15),1001.4994,0.5,angular,22,0.032418,0.033709,0.961692
cerca del cero (+0,15),1001.4994,0.5,angular,23,0.032854,0.032418,1.013449
cerca del cero (+0,15),1001.4994,0.5,angular,24,0.031697,0.032854,0.964789
cerca del cero (+0,15),1001.4994,0.5,angular,25,0.032197,0.031697,1.015760
cerca del cero (+0,15),1001.4994,0.5,angular,26,0.030984,0.032197,0.962335
cerca del cero (+0,15),1001.4994,0.5,angular,27,0.031629,0.030984,1.020808
cerca del cero (+0,15),1001.4994,0.5,angular,28,0.031166,0.031629,0.985362
cerca del cero (+0,15),1001.4994,0.5,angular,29,0.030243,0.031166,0.970408
cerca del cero (+0,15),1001.4994,0.5,angular,30,0.030840,0.030243,1.019739
cerca del cero (+0,15),1001.4994,0.5,angular,31,0.030488,0.030840,0.988584
cerca del cero (+0,15),1001.4994,0.5,angular,32,0.029484,0.030488,0.967061
cerca del cero (+0,15),1001.4994,0.5,angular,33,0.030102,0.029484,1.020944
cerca del cero (+0,15),1001.4994,0.5,angular,34,0.029974,0.030102,0.995771
cerca del cero (+0,15),1001.4994,0.5,angular,35,0.029727,0.029974,0.991739
cerca del cero (+0,15),1001.4994,0.5,angular,36,0.029439,0.029727,0.990321
cerca del cero (+0,15),1001.4994,0.5,angular,37,0.028605,0.029439,0.971685
cerca del cero (+0,15),1001.4994,0.5,angular,38,0.029161,0.028605,1.019408
cerca del cero (+0,15),1001.4994,0.5,angular,39,0.029076,0.029161,0.997090
cerca del cero (+0,15),1001.4994,0.5,angular,40,0.028959,0.029076,0.996002
cerca del cero (+0,15),1001.4994,0.5,angular,41,0.026782,0.028959,0.924817
cerca del cero (+0,15),1001.4994,0.5,angular,42,0.027580,0.026782,1.029798
cerca del cero (+0,15),1001.4994,0.5,angular,43,0.027104,0.027580,0.982739
cerca del cero (+0,15),1001.4994,0.5,angular,44,0.027749,0.027104,1.023772
cerca del cero (+0,15),1001.4994,0.5,angular,45,0.027185,0.027749,0.979698
cerca del cero (+0,15),1001.4994,0.5,angular,46,0.027271,0.027185,1.003173
cerca del cero (+0,15),1001.4994,0.5,angular,47,0.027910,0.027271,1.023414
cerca del cero (+0,15),1001.4994,0.5,angular,48,0.027348,0.027910,0.979884
cerca del cero (+0,15),1001.4994,0.5,angular,49,0.027415,0.027348,1.002431
cerca del cero (+0,15),1001.4994,0.5,angular,50,0.027501,0.027415,1.003129
cerca del cero (+0,15),1001.4994,0.5,angular,51,0.028131,0.027501,1.022911
cerca del cero (+0,15),1001.4994,0.5,angular,52,0.027577,0.028131,0.980311
cerca del cero (+0,15),1001.4994,0.5,angular,53,0.027635,0.027577,1.002116
cerca del cero (+0,15),1001.4994,0.5,angular,54,0.027700,0.027635,1.002337
cerca del cero (+0,15),1001.4994,0.5,angular,55,0.027766,0.027700,1.002378
cerca del cero (+0,15),1001.4994,0.5,angular,56,0.027830,0.027766,1.002320
cerca del cero (+0,15),1001.4994,0.5,angular,57,0.027892,0.027830,1.002228
cerca del cero (+0,15),1001.4994,0.5,angular,58,0.027952,0.027892,1.002144
cerca del cero (+0,15),1001.4994,0.5,angular,59,0.028010,0.027952,1.002091
cerca del cero (+0,15),1001.4994,0.5,angular,60,0.028069,0.028010,1.002079
cerca del cero (+0,15),1001.4994,0.5,angular,61,0.028128,0.028069,1.002111
cerca del cero (+0,15),1001.4994,0.5,angular,62,0.028189,0.028128,1.002181
cerca del cero (+0,15),1001.4994,0.5,angular,63,0.028253,0.028189,1.002276
cerca del cero (+0,15),1001.4994,0.5,angular,64,0.028320,0.028253,1.002371
cerca del cero (+0,15),1001.4994,0.5,angular,65,0.028389,0.028320,1.002426
cerca del cero (+0,15),1001.4994,0.5,angular,66,0.028457,0.028389,1.002389
cerca del cero (+0,15),1001.4994,0.5,angular,67,0.028520,0.028457,1.002200
cerca del cero (+0,15),1001.4994,0.5,angular,68,0.028183,0.028520,0.988187
cerca del cero (+0,15),1001.4994,0.5,angular,69,0.028641,0.028183,1.016275
cerca del cero (+0,15),1001.4994,0.5,angular,70,0.028728,0.028641,1.003024
cerca del cero (+0,15),1001.4994,0.5,angular,71,0.028795,0.028728,1.002339
cerca del cero (+0,15),1001.4994,0.5,angular,72,0.028437,0.028795,0.987576
cerca del cero (+0,15),1001.4994,0.5,angular,73,0.028934,0.028437,1.017453
cerca del cero (+0,15),1001.4994,0.5,angular,74,0.028609,0.028934,0.988788
cerca del cero (+0,15),1001.4994,0.5,angular,75,0.029044,0.028609,1.015186
cerca del cero (+0,15),1001.4994,0.5,angular,76,0.029156,0.029044,1.003874
cerca del cero (+0,15),1001.4994,0.5,angular,77,0.028783,0.029156,0.987195
cerca del cero (+0,15),1001.4994,0.5,angular,78,0.029301,0.028783,1.017981
cerca del cero (+0,15),1001.4994,0.5,angular,79,0.028926,0.029301,0.987225
cerca del cero (+0,15),1001.4994,0.5,angular,80,0.029450,0.028926,1.018109
cerca del cero (+0,15),1001.4994,0.5,angular,81,0.029068,0.029450,0.987017
cerca del cero (+0,15),1001.4994,0.5,angular,82,0.029174,0.029068,1.003659
cerca del cero (+0,15),1001.4994,0.5,angular,83,0.029653,0.029174,1.016420
cerca del cero (+0,15),1001.4994,0.5,angular,84,0.029295,0.029653,0.987934
cerca del cero (+0,15),1001.4994,0.5,angular,85,0.029398,0.029295,1.003495
cerca del cero (+0,15),1001.4994,0.5,angular,86,0.029887,0.029398,1.016647
cerca del cero (+0,15),1001.4994,0.5,angular,87,0.029519,0.029887,0.987675
cerca del cero (+0,15),1001.4994,0.5,angular,88,0.029605,0.029519,1.002913
cerca del cero (+0,15),1001.4994,0.5,angular,89,0.029694,0.029605,1.003021
cerca del cero (+0,15),1001.4994,0.5,angular,90,0.029782,0.029694,1.002960
cerca del cero (+0,15),1001.4994,0.5,angular,91,0.030275,0.029782,1.016556
cerca del cero (+0,15),1001.4994,0.5,angular,92,0.029909,0.030275,0.987912
cerca del cero (+0,15),1001.4994,0.5,angular,93,0.029990,0.029909,1.002705
cerca del cero (+0,15),1001.4994,0.5,angular,94,0.030071,0.029990,1.002714
cerca del cero (+0,15),1001.4994,0.5,angular,95,0.030153,0.030071,1.002710
cerca del cero (+0,15),1001.4994,0.5,angular,96,0.030235,0.030153,1.002706
cerca del cero (+0,15),1001.4994,0.5,angular,97,0.030316,0.030235,1.002702
cerca del cero (+0,15),1001.4994,0.5,angular,98,0.030398,0.030316,1.002690
cerca del cero (+0,15),1001.4994,0.5,angular,99,0.030178,0.030398,0.992769
cerca del cero (+0,15),1001.4994,0.5,angular,100,0.030555,0.030178,1.012503
cerca del cero (+0,15),1001.4994,0.5,angular,101,0.030644,0.030555,1.002906
cerca del cero (+0,15),1001.4994,0.5,angular,102,0.030734,0.030644,1.002946
cerca del cero (+0,15),1001.4994,0.5,angular,103,0.030822,0.030734,1.002844
cerca del cero (+0,15),1001.4994,0.5,angular,104,0.030579,0.030822,0.992132
cerca del cero (+0,15),1001.4994,0.5,angular,105,0.030980,0.030579,1.013094
cerca del cero (+0,15),1001.4994,0.5,angular,106,0.031080,0.030980,1.003255
cerca del cero (+0,15),1001.4994,0.5,angular,107,0.030829,0.031080,0.991904
cerca del cero (+0,15),1001.4994,0.5,angular,108,0.031245,0.030829,1.013515
cerca del cero (+0,15),1001.4994,0.5,angular,109,0.031014,0.031245,0.992602
cerca del cero (+0,15),1001.4994,0.5,angular,110,0.031413,0.031014,1.012843
cerca del cero (+0,15),1001.4994,0.5,angular,111,0.031187,0.031413,0.992825
cerca del cero (+0,15),1001.4994,0.5,angular,112,0.031594,0.031187,1.013042
cerca del cero (+0,15),1001.4994,0.5,angular,113,0.031351,0.031594,0.992306
cerca del cero (+0,15),1001.4994,0.5,angular,114,0.031788,0.031351,1.013950
cerca del cero (+0,15),1001.4994,0.5,angular,115,0.031517,0.031788,0.991469
cerca del cero (+0,15),1001.4994,0.5,angular,116,0.031620,0.031517,1.003282
cerca del cero (+0,15),1001.4994,0.5,angular,117,0.032065,0.031620,1.014043
cerca del cero (+0,15),1001.4994,0.5,angular,118,0.031787,0.032065,0.991351
cerca del cero (+0,15),1001.4994,0.5,angular,119,0.031882,0.031787,1.002988
cerca del cero (+0,15),1001.4994,0.5,angular,120,0.031979,0.031882,1.003039
cerca del cero (+0,15),1001.4994,0.5,angular,121,0.032075,0.031979,1.003014
cerca del cero (+0,15),1001.4994,0.5,angular,122,0.032170,0.032075,1.002957
cerca del cero (+0,15),1001.4994,0.5,angular,123,0.032264,0.032170,1.002902
cerca del cero (+0,15),1001.4994,0.5,angular,124,0.032356,0.032264,1.002865
cerca del cero (+0,15),1001.4994,0.5,angular,125,0.032448,0.032356,1.002854
cerca del cero (+0,15),1001.4994,0.5,angular,126,0.032542,0.032448,1.002870
cerca del cero (+0,15),1001.4994,0.5,angular,127,0.032636,0.032542,1.002904
cerca del cero (+0,15),1001.4994,0.5,angular,128,0.032732,0.032636,1.002941
cerca del cero (+0,15),1001.4994,0.5,angular,129,0.032829,0.032732,1.002956
cerca del cero (+0,15),1001.4994,0.5,angular,130,0.032924,0.032829,1.002913
cerca del cero (+0,15),1001.4994,0.5,angular,131,0.032744,0.032924,0.994510
cerca del cero (+0,15),1001.4994,0.5,angular,132,0.033118,0.032744,1.011419
cerca del cero (+0,15),1001.4994,0.5,angular,133,0.033221,0.033118,1.003129
cerca del cero (+0,15),1001.4994,0.5,angular,134,0.033035,0.033221,0.994387
cerca del cero (+0,15),1001.4994,0.5,angular,135,0.033416,0.033035,1.011540
cerca del cero (+0,15),1001.4994,0.5,angular,136,0.033240,0.033416,0.994732
cerca del cero (+0,15),1001.4994,0.5,angular,137,0.033612,0.033240,1.011200
cerca del cero (+0,15),1001.4994,0.5,angular,138,0.033436,0.033612,0.994761
cerca del cero (+0,15),1001.4994,0.5,angular,139,0.033818,0.033436,1.011425
cerca del cero (+0,15),1001.4994,0.5,angular,140,0.033628,0.033818,0.994363
cerca del cero (+0,15),1001.4994,0.5,angular,141,0.033745,0.033628,1.003500
cerca del cero (+0,15),1001.4994,0.5,angular,142,0.034121,0.033745,1.011130
cerca del cero (+0,15),1001.4994,0.5,angular,143,0.033930,0.034121,0.994416
cerca del cero (+0,15),1001.4994,0.5,angular,144,0.034039,0.033930,1.003212
cerca del cero (+0,15),1001.4994,0.5,angular,145,0.034148,0.034039,1.003185
cerca del cero (+0,15),1001.4994,0.5,angular,146,0.034254,0.034148,1.003117
cerca del cero (+0,15),1001.4994,0.5,angular,147,0.034646,0.034254,1.011426
cerca del cero (+0,15),1001.4994,0.5,angular,148,0.034445,0.034646,0.994219
cerca del cero (+0,15),1001.4994,0.5,angular,149,0.034551,0.034445,1.003065
cerca del cero (+0,15),1001.4994,0.5,angular,150,0.034436,0.034551,0.996677
cerca del cero (+0,15),1001.4994,0.5,angular,151,0.034769,0.034436,1.009660
cerca del cero (+0,15),1001.4994,0.5,angular,152,0.034874,0.034769,1.003028
cerca del cero (+0,15),1001.4994,0.5,angular,153,0.034981,0.034874,1.003073
cerca del cero (+0,15),1001.4994,0.5,angular,154,0.035089,0.034981,1.003090
cerca del cero (+0,15),1001.4994,0.5,angular,155,0.035196,0.035089,1.003045
cerca del cero (+0,15),1001.4994,0.5,angular,156,0.035059,0.035196,0.996113
cerca del cero (+0,15),1001.4994,0.5,angular,157,0.035414,0.035059,1.010123
cerca del cero (+0,15),1001.4994,0.5,angular,158,0.035287,0.035414,0.996398
cerca del cero (+0,15),1001.4994,0.5,angular,159,0.035629,0.035287,1.009702
cerca del cero (+0,15),1001.4994,0.5,angular,160,0.035506,0.035629,0.996559
cerca del cero (+0,15),1001.4994,0.5,angular,161,0.035850,0.035506,1.009677
cerca del cero (+0,15),1001.4994,0.5,angular,162,0.035719,0.035850,0.996344
cerca del cero (+0,15),1001.4994,0.5,angular,163,0.036079,0.035719,1.010094
cerca del cero (+0,15),1001.4994,0.5,angular,164,0.035932,0.036079,0.995913
cerca del cero (+0,15),1001.4994,0.5,angular,165,0.036050,0.035932,1.003286
cerca del cero (+0,15),1001.4994,0.5,angular,166,0.036168,0.036050,1.003279
cerca del cero (+0,15),1001.4994,0.5,angular,167,0.036285,0.036168,1.003222
cerca del cero (+0,15),1001.4994,0.5,angular,168,0.036641,0.036285,1.009820
cerca del cero (+0,15),1001.4994,0.5,angular,169,0.036495,0.036641,0.996023
control: medio del hueco,1001.8769,0.5,angular,1,0.080754,0.106167,0.760629
control: medio del hueco,1001.8769,0.5,angular,2,0.067676,0.080754,0.838051
control: medio del hueco,1001.8769,0.5,angular,3,0.060036,0.067676,0.887116
control: medio del hueco,1001.8769,0.5,angular,4,0.055196,0.060036,0.919374
control: medio del hueco,1001.8769,0.5,angular,5,0.051703,0.055196,0.936723
control: medio del hueco,1001.8769,0.5,angular,6,0.048678,0.051703,0.941484
control: medio del hueco,1001.8769,0.5,angular,7,0.046081,0.048678,0.946656
control: medio del hueco,1001.8769,0.5,angular,8,0.044407,0.046081,0.963672
control: medio del hueco,1001.8769,0.5,angular,9,0.042512,0.044407,0.957331
control: medio del hueco,1001.8769,0.5,angular,10,0.041407,0.042512,0.973997
control: medio del hueco,1001.8769,0.5,angular,11,0.039970,0.041407,0.965303
control: medio del hueco,1001.8769,0.5,angular,12,0.038946,0.039970,0.974375
control: medio del hueco,1001.8769,0.5,angular,13,0.038061,0.038946,0.977284
control: medio del hueco,1001.8769,0.5,angular,14,0.037271,0.038061,0.979229
control: medio del hueco,1001.8769,0.5,angular,15,0.036544,0.037271,0.980493
control: medio del hueco,1001.8769,0.5,angular,16,0.035853,0.036544,0.981100
control: medio del hueco,1001.8769,0.5,angular,17,0.035167,0.035853,0.980873
control: medio del hueco,1001.8769,0.5,angular,18,0.034464,0.035167,0.980004
control: medio del hueco,1001.8769,0.5,angular,19,0.034122,0.034464,0.990079
control: medio del hueco,1001.8769,0.5,angular,20,0.033767,0.034122,0.989586
control: medio del hueco,1001.8769,0.5,angular,21,0.032867,0.033767,0.973354
control: medio del hueco,1001.8769,0.5,angular,22,0.033123,0.032867,1.007805
control: medio del hueco,1001.8769,0.5,angular,23,0.032343,0.033123,0.976442
control: medio del hueco,1001.8769,0.5,angular,24,0.032259,0.032343,0.997404
control: medio del hueco,1001.8769,0.5,angular,25,0.031445,0.032259,0.974767
control: medio del hueco,1001.8769,0.5,angular,26,0.031840,0.031445,1.012560
control: medio del hueco,1001.8769,0.5,angular,27,0.031026,0.031840,0.974442
control: medio del hueco,1001.8769,0.5,angular,28,0.031083,0.031026,1.001832
control: medio del hueco,1001.8769,0.5,angular,29,0.030810,0.031083,0.991211
control: medio del hueco,1001.8769,0.5,angular,30,0.030299,0.030810,0.983428
control: medio del hueco,1001.8769,0.5,angular,31,0.030364,0.030299,1.002143
control: medio del hueco,1001.8769,0.5,angular,32,0.030245,0.030364,0.996064
control: medio del hueco,1001.8769,0.5,angular,33,0.029842,0.030245,0.986679
control: medio del hueco,1001.8769,0.5,angular,34,0.029547,0.029842,0.990100
control: medio del hueco,1001.8769,0.5,angular,35,0.029568,0.029547,1.000729
control: medio del hueco,1001.8769,0.5,angular,36,0.029573,0.029568,1.000156
control: medio del hueco,1001.8769,0.5,angular,37,0.029310,0.029573,0.991121
control: medio del hueco,1001.8769,0.5,angular,38,0.029074,0.029310,0.991944
control: medio del hueco,1001.8769,0.5,angular,39,0.028887,0.029074,0.993581
control: medio del hueco,1001.8769,0.5,angular,40,0.028746,0.028887,0.995091
control: medio del hueco,1001.8769,0.5,angular,41,0.028633,0.028746,0.996092
control: medio del hueco,1001.8769,0.5,angular,42,0.026778,0.028633,0.935195
control: medio del hueco,1001.8769,0.5,angular,43,0.027358,0.026778,1.021673
control: medio del hueco,1001.8769,0.5,angular,44,0.027285,0.027358,0.997341
control: medio del hueco,1001.8769,0.5,angular,45,0.027349,0.027285,1.002317
control: medio del hueco,1001.8769,0.5,angular,46,0.027486,0.027349,1.005020
control: medio del hueco,1001.8769,0.5,angular,47,0.027411,0.027486,0.997268
control: medio del hueco,1001.8769,0.5,angular,48,0.027462,0.027411,1.001867
control: medio del hueco,1001.8769,0.5,angular,49,0.027568,0.027462,1.003872
control: medio del hueco,1001.8769,0.5,angular,50,0.027654,0.027568,1.003123
control: medio del hueco,1001.8769,0.5,angular,51,0.027582,0.027654,0.997378
control: medio del hueco,1001.8769,0.5,angular,52,0.027638,0.027582,1.002028
control: medio del hueco,1001.8769,0.5,angular,53,0.027713,0.027638,1.002706
control: medio del hueco,1001.8769,0.5,angular,54,0.027778,0.027713,1.002369
control: medio del hueco,1001.8769,0.5,angular,55,0.027836,0.027778,1.002065
control: medio del hueco,1001.8769,0.5,angular,56,0.027886,0.027836,1.001830
control: medio del hueco,1001.8769,0.5,angular,57,0.027933,0.027886,1.001667
control: medio del hueco,1001.8769,0.5,angular,58,0.027977,0.027933,1.001569
control: medio del hueco,1001.8769,0.5,angular,59,0.028019,0.027977,1.001522
control: medio del hueco,1001.8769,0.5,angular,60,0.028062,0.028019,1.001521
control: medio del hueco,1001.8769,0.5,angular,61,0.028106,0.028062,1.001561
control: medio del hueco,1001.8769,0.5,angular,62,0.028152,0.028106,1.001648
control: medio del hueco,1001.8769,0.5,angular,63,0.028202,0.028152,1.001787
control: medio del hueco,1001.8769,0.5,angular,64,0.028258,0.028202,1.001988
control: medio del hueco,1001.8769,0.5,angular,65,0.028322,0.028258,1.002247
control: medio del hueco,1001.8769,0.5,angular,66,0.028394,0.028322,1.002549
control: medio del hueco,1001.8769,0.5,angular,67,0.028502,0.028394,1.003789
control: medio del hueco,1001.8769,0.5,angular,68,0.028421,0.028502,0.997175
control: medio del hueco,1001.8769,0.5,angular,69,0.028504,0.028421,1.002922
control: medio del hueco,1001.8769,0.5,angular,70,0.028606,0.028504,1.003574
control: medio del hueco,1001.8769,0.5,angular,71,0.028713,0.028606,1.003727
control: medio del hueco,1001.8769,0.5,angular,72,0.028636,0.028713,0.997338
control: medio del hueco,1001.8769,0.5,angular,73,0.028769,0.028636,1.004616
control: medio del hueco,1001.8769,0.5,angular,74,0.028865,0.028769,1.003369
control: medio del hueco,1001.8769,0.5,angular,75,0.028823,0.028865,0.998539
control: medio del hueco,1001.8769,0.5,angular,76,0.029032,0.028823,1.007231
control: medio del hueco,1001.8769,0.5,angular,77,0.028902,0.029032,0.995523
control: medio del hueco,1001.8769,0.5,angular,78,0.029158,0.028902,1.008857
control: medio del hueco,1001.8769,0.5,angular,79,0.029011,0.029158,0.994955
control: medio del hueco,1001.8769,0.5,angular,80,0.029257,0.029011,1.008484
control: medio del hueco,1001.8769,0.5,angular,81,0.029160,0.029257,0.996700
control: medio del hueco,1001.8769,0.5,angular,82,0.029336,0.029160,1.006038
control: medio del hueco,1001.8769,0.5,angular,83,0.029465,0.029336,1.004377
control: medio del hueco,1001.8769,0.5,angular,84,0.029292,0.029465,0.994139
control: medio del hueco,1001.8769,0.5,angular,85,0.029525,0.029292,1.007953
control: medio del hueco,1001.8769,0.5,angular,86,0.029626,0.029525,1.003438
control: medio del hueco,1001.8769,0.5,angular,87,0.029531,0.029626,0.996768
control: medio del hueco,1001.8769,0.5,angular,88,0.029683,0.029531,1.005145
control: medio del hueco,1001.8769,0.5,angular,89,0.029770,0.029683,1.002955
control: medio del hueco,1001.8769,0.5,angular,90,0.029849,0.029770,1.002635
control: medio del hueco,1001.8769,0.5,angular,91,0.029920,0.029849,1.002380
control: medio del hueco,1001.8769,0.5,angular,92,0.029986,0.029920,1.002200
control: medio del hueco,1001.8769,0.5,angular,93,0.030048,0.029986,1.002083
control: medio del hueco,1001.8769,0.5,angular,94,0.030109,0.030048,1.002016
control: medio del hueco,1001.8769,0.5,angular,95,0.030169,0.030109,1.001988
control: medio del hueco,1001.8769,0.5,angular,96,0.030229,0.030169,1.001993
control: medio del hueco,1001.8769,0.5,angular,97,0.030290,0.030229,1.002031
control: medio del hueco,1001.8769,0.5,angular,98,0.030354,0.030290,1.002109
control: medio del hueco,1001.8769,0.5,angular,99,0.030422,0.030354,1.002238
control: medio del hueco,1001.8769,0.5,angular,100,0.030496,0.030422,1.002427
control: medio del hueco,1001.8769,0.5,angular,101,0.030577,0.030496,1.002676
control: medio del hueco,1001.8769,0.5,angular,102,0.030668,0.030577,1.002968
control: medio del hueco,1001.8769,0.5,angular,103,0.030762,0.030668,1.003046
control: medio del hueco,1001.8769,0.5,angular,104,0.030761,0.030762,0.999970
control: medio del hueco,1001.8769,0.5,angular,105,0.030870,0.030761,1.003563
control: medio del hueco,1001.8769,0.5,angular,106,0.030994,0.030870,1.004010
control: medio del hueco,1001.8769,0.5,angular,107,0.030974,0.030994,0.999337
control: medio del hueco,1001.8769,0.5,angular,108,0.031183,0.030974,1.006752
control: medio del hueco,1001.8769,0.5,angular,109,0.031091,0.031183,0.997071
control: medio del hueco,1001.8769,0.5,angular,110,0.031336,0.031091,1.007884
control: medio del hueco,1001.8769,0.5,angular,111,0.031231,0.031336,0.996633
control: medio del hueco,1001.8769,0.5,angular,112,0.031468,0.031231,1.007596
control: medio del hueco,1001.8769,0.5,angular,113,0.031402,0.031468,0.997911
control: medio del hueco,1001.8769,0.5,angular,114,0.031585,0.031402,1.005826
control: medio del hueco,1001.8769,0.5,angular,115,0.031701,0.031585,1.003676
control: medio del hueco,1001.8769,0.5,angular,116,0.031616,0.031701,0.997292
control: medio del hueco,1001.8769,0.5,angular,117,0.031806,0.031616,1.006020
control: medio del hueco,1001.8769,0.5,angular,118,0.031904,0.031806,1.003093
control: medio del hueco,1001.8769,0.5,angular,119,0.031993,0.031904,1.002786
control: medio del hueco,1001.8769,0.5,angular,120,0.031955,0.031993,0.998810
control: medio del hueco,1001.8769,0.5,angular,121,0.032106,0.031955,1.004722
control: medio del hueco,1001.8769,0.5,angular,122,0.032193,0.032106,1.002698
control: medio del hueco,1001.8769,0.5,angular,123,0.032276,0.032193,1.002601
control: medio del hueco,1001.8769,0.5,angular,124,0.032359,0.032276,1.002549
control: medio del hueco,1001.8769,0.5,angular,125,0.032441,0.032359,1.002543
control: medio del hueco,1001.8769,0.5,angular,126,0.032525,0.032441,1.002580
control: medio del hueco,1001.8769,0.5,angular,127,0.032611,0.032525,1.002660
control: medio del hueco,1001.8769,0.5,angular,128,0.032744,0.032611,1.004085
control: medio del hueco,1001.8769,0.5,angular,129,0.032751,0.032744,1.000203
control: medio del hueco,1001.8769,0.5,angular,130,0.032841,0.032751,1.002749
control: medio del hueco,1001.8769,0.5,angular,131,0.032940,0.032841,1.003023
control: medio del hueco,1001.8769,0.5,angular,132,0.033089,0.032940,1.004516
control: medio del hueco,1001.8769,0.5,angular,133,0.033076,0.033089,0.999594
control: medio del hueco,1001.8769,0.5,angular,134,0.033195,0.033076,1.003615
control: medio del hueco,1001.8769,0.5,angular,135,0.033322,0.033195,1.003818
control: medio del hueco,1001.8769,0.5,angular,136,0.033350,0.033322,1.000838
control: medio del hueco,1001.8769,0.5,angular,137,0.033502,0.033350,1.004550
control: medio del hueco,1001.8769,0.5,angular,138,0.033525,0.033502,1.000689
control: medio del hueco,1001.8769,0.5,angular,139,0.033662,0.033525,1.004080
control: medio del hueco,1001.8769,0.5,angular,140,0.033788,0.033662,1.003770
control: medio del hueco,1001.8769,0.5,angular,141,0.033758,0.033788,0.999107
control: medio del hueco,1001.8769,0.5,angular,142,0.033929,0.033758,1.005062
control: medio del hueco,1001.8769,0.5,angular,143,0.034036,0.033929,1.003160
control: medio del hueco,1001.8769,0.5,angular,144,0.034135,0.034036,1.002898
control: medio del hueco,1001.8769,0.5,angular,145,0.034117,0.034135,0.999467
control: medio del hueco,1001.8769,0.5,angular,146,0.034279,0.034117,1.004740
control: medio del hueco,1001.8769,0.5,angular,147,0.034374,0.034279,1.002791
control: medio del hueco,1001.8769,0.5,angular,148,0.034467,0.034374,1.002715
control: medio del hueco,1001.8769,0.5,angular,149,0.034560,0.034467,1.002682
control: medio del hueco,1001.8769,0.5,angular,150,0.034653,0.034560,1.002690
control: medio del hueco,1001.8769,0.5,angular,151,0.034748,0.034653,1.002738
control: medio del hueco,1001.8769,0.5,angular,152,0.034902,0.034748,1.004429
control: medio del hueco,1001.8769,0.5,angular,153,0.034916,0.034902,1.000425
control: medio del hueco,1001.8769,0.5,angular,154,0.035014,0.034916,1.002795
control: medio del hueco,1001.8769,0.5,angular,155,0.035120,0.035014,1.003016
control: medio del hueco,1001.8769,0.5,angular,156,0.035275,0.035120,1.004435
control: medio del hueco,1001.8769,0.5,angular,157,0.035286,0.035275,1.000310
control: medio del hueco,1001.8769,0.5,angular,158,0.035412,0.035286,1.003553
control: medio del hueco,1001.8769,0.5,angular,159,0.035533,0.035412,1.003418
control: medio del hueco,1001.8769,0.5,angular,160,0.035601,0.035533,1.001912
control: medio del hueco,1001.8769,0.5,angular,161,0.035723,0.035601,1.003427
control: medio del hueco,1001.8769,0.5,angular,162,0.035855,0.035723,1.003710
control: medio del hueco,1001.8769,0.5,angular,163,0.035865,0.035855,1.000282
control: medio del hueco,1001.8769,0.5,angular,164,0.036024,0.035865,1.004418
control: medio del hueco,1001.8769,0.5,angular,165,0.036137,0.036024,1.003154
control: medio del hueco,1001.8769,0.5,angular,166,0.036244,0.036137,1.002943
control: medio del hueco,1001.8769,0.5,angular,167,0.036262,0.036244,1.000511
control: medio del hueco,1001.8769,0.5,angular,168,0.036414,0.036262,1.004190
control: medio del hueco,1001.8769,0.5,angular,169,0.036518,0.036414,1.002861
cero γ≈5000,5000.2343,0.5,angular,1,0.802472,0.631009,1.271729
cero γ≈5000,5000.2343,0.5,angular,2,0.095694,0.802472,0.119250
cero γ≈5000,5000.2343,0.5,angular,3,0.073945,0.095694,0.772721
cero γ≈5000,5000.2343,0.5,angular,4,0.062545,0.073945,0.845823
cero γ≈5000,5000.2343,0.5,angular,5,0.055125,0.062545,0.881373
cero γ≈5000,5000.2343,0.5,angular,6,0.050126,0.055125,0.909309
cero γ≈5000,5000.2343,0.5,angular,7,0.046304,0.050126,0.923759
cero γ≈5000,5000.2343,0.5,angular,8,0.043162,0.046304,0.932141
cero γ≈5000,5000.2343,0.5,angular,9,0.040728,0.043162,0.943617
cero γ≈5000,5000.2343,0.5,angular,10,0.038814,0.040728,0.952997
cero γ≈5000,5000.2343,0.5,angular,11,0.037103,0.038814,0.955918
cero γ≈5000,5000.2343,0.5,angular,12,0.035561,0.037103,0.958431
cero γ≈5000,5000.2343,0.5,angular,13,0.034138,0.035561,0.959982
cero γ≈5000,5000.2343,0.5,angular,14,0.033043,0.034138,0.967939
cero γ≈5000,5000.2343,0.5,angular,15,0.032034,0.033043,0.969455
cero γ≈5000,5000.2343,0.5,angular,16,0.031098,0.032034,0.970787
cero γ≈5000,5000.2343,0.5,angular,17,0.030221,0.031098,0.971807
cero γ≈5000,5000.2343,0.5,angular,18,0.029341,0.030221,0.970864
cero γ≈5000,5000.2343,0.5,angular,19,0.028700,0.029341,0.978171
cero γ≈5000,5000.2343,0.5,angular,20,0.028186,0.028700,0.982095
cero γ≈5000,5000.2343,0.5,angular,21,0.027433,0.028186,0.973259
cero γ≈5000,5000.2343,0.5,angular,22,0.026899,0.027433,0.980550
cero γ≈5000,5000.2343,0.5,angular,23,0.026392,0.026899,0.981147
cero γ≈5000,5000.2343,0.5,angular,24,0.025775,0.026392,0.976620
cero γ≈5000,5000.2343,0.5,angular,25,0.025558,0.025775,0.991600
cero γ≈5000,5000.2343,0.5,angular,26,0.025116,0.025558,0.982677
cero γ≈5000,5000.2343,0.5,angular,27,0.024553,0.025116,0.977606
cero γ≈5000,5000.2343,0.5,angular,28,0.024385,0.024553,0.993135
cero γ≈5000,5000.2343,0.5,angular,29,0.023853,0.024385,0.978205
cero γ≈5000,5000.2343,0.5,angular,30,0.023700,0.023853,0.993565
cero γ≈5000,5000.2343,0.5,angular,31,0.023221,0.023700,0.979790
cero γ≈5000,5000.2343,0.5,angular,32,0.022939,0.023221,0.987855
cero γ≈5000,5000.2343,0.5,angular,33,0.022676,0.022939,0.988571
cero γ≈5000,5000.2343,0.5,angular,34,0.022427,0.022676,0.988983
cero γ≈5000,5000.2343,0.5,angular,35,0.022317,0.022427,0.995112
cero γ≈5000,5000.2343,0.5,angular,36,0.021892,0.022317,0.980965
cero γ≈5000,5000.2343,0.5,angular,37,0.021662,0.021892,0.989501
cero γ≈5000,5000.2343,0.5,angular,38,0.021439,0.021662,0.989707
cero γ≈5000,5000.2343,0.5,angular,39,0.021000,0.021439,0.979523
cero γ≈5000,5000.2343,0.5,angular,40,0.021080,0.021000,1.003794
cero γ≈5000,5000.2343,0.5,angular,41,0.020881,0.021080,0.990553
cero γ≈5000,5000.2343,0.5,angular,42,0.020685,0.020881,0.990618
cero γ≈5000,5000.2343,0.5,angular,43,0.020487,0.020685,0.990426
cero γ≈5000,5000.2343,0.5,angular,44,0.020072,0.020487,0.979762
cero γ≈5000,5000.2343,0.5,angular,45,0.020183,0.020072,1.005495
cero γ≈5000,5000.2343,0.5,angular,46,0.020000,0.020183,0.990966
cero γ≈5000,5000.2343,0.5,angular,47,0.019597,0.020000,0.979820
cero γ≈5000,5000.2343,0.5,angular,48,0.019717,0.019597,1.006159
cero γ≈5000,5000.2343,0.5,angular,49,0.019526,0.019717,0.990314
cero γ≈5000,5000.2343,0.5,angular,50,0.019193,0.019526,0.982934
cero γ≈5000,5000.2343,0.5,angular,51,0.019260,0.019193,1.003503
cero γ≈5000,5000.2343,0.5,angular,52,0.018928,0.019260,0.982760
cero γ≈5000,5000.2343,0.5,angular,53,0.018787,0.018928,0.992529
cero γ≈5000,5000.2343,0.5,angular,54,0.018923,0.018787,1.007225
cero γ≈5000,5000.2343,0.5,angular,55,0.018544,0.018923,0.980011
cero γ≈5000,5000.2343,0.5,angular,56,0.018672,0.018544,1.006874
cero γ≈5000,5000.2343,0.5,angular,57,0.018331,0.018672,0.981746
cero γ≈5000,5000.2343,0.5,angular,58,0.018215,0.018331,0.993691
cero γ≈5000,5000.2343,0.5,angular,59,0.018347,0.018215,1.007201
cero γ≈5000,5000.2343,0.5,angular,60,0.018020,0.018347,0.982213
cero γ≈5000,5000.2343,0.5,angular,61,0.017911,0.018020,0.993916
cero γ≈5000,5000.2343,0.5,angular,62,0.017824,0.017911,0.995166
cero γ≈5000,5000.2343,0.5,angular,63,0.017956,0.017824,1.007387
cero γ≈5000,5000.2343,0.5,angular,64,0.017641,0.017956,0.982443
cero γ≈5000,5000.2343,0.5,angular,65,0.017544,0.017641,0.994546
cero γ≈5000,5000.2343,0.5,angular,66,0.017459,0.017544,0.995114
cero γ≈5000,5000.2343,0.5,angular,67,0.017380,0.017459,0.995511
cero γ≈5000,5000.2343,0.5,angular,68,0.017306,0.017380,0.995740
cero γ≈5000,5000.2343,0.5,angular,69,0.017430,0.017306,1.007134
cero γ≈5000,5000.2343,0.5,angular,70,0.017139,0.017430,0.983318
cero γ≈5000,5000.2343,0.5,angular,71,0.017060,0.017139,0.995377
cero γ≈5000,5000.2343,0.5,angular,72,0.016984,0.017060,0.995558
cero γ≈5000,5000.2343,0.5,angular,73,0.016911,0.016984,0.995699
cero γ≈5000,5000.2343,0.5,angular,74,0.016840,0.016911,0.995807
cero γ≈5000,5000.2343,0.5,angular,75,0.016771,0.016840,0.995891
cero γ≈5000,5000.2343,0.5,angular,76,0.016703,0.016771,0.995957
cero γ≈5000,5000.2343,0.5,angular,77,0.016636,0.016703,0.996008
cero γ≈5000,5000.2343,0.5,angular,78,0.016570,0.016636,0.996044
cero γ≈5000,5000.2343,0.5,angular,79,0.016505,0.016570,0.996059
cero γ≈5000,5000.2343,0.5,angular,80,0.016440,0.016505,0.996048
cero γ≈5000,5000.2343,0.5,angular,81,0.016374,0.016440,0.996000
cero γ≈5000,5000.2343,0.5,angular,82,0.016307,0.016374,0.995909
cero γ≈5000,5000.2343,0.5,angular,83,0.015874,0.016307,0.973464
cero γ≈5000,5000.2343,0.5,angular,84,0.016221,0.015874,1.021811
cero γ≈5000,5000.2343,0.5,angular,85,0.016166,0.016221,0.996636
cero γ≈5000,5000.2343,0.5,angular,86,0.016111,0.016166,0.996574
cero γ≈5000,5000.2343,0.5,angular,87,0.016053,0.016111,0.996391
cero γ≈5000,5000.2343,0.5,angular,88,0.015989,0.016053,0.996058
cero γ≈5000,5000.2343,0.5,angular,89,0.015919,0.015989,0.995575
cero γ≈5000,5000.2343,0.5,angular,90,0.015501,0.015919,0.973768
cero γ≈5000,5000.2343,0.5,angular,91,0.015854,0.015501,1.022761
cero γ≈5000,5000.2343,0.5,angular,92,0.015805,0.015854,0.996923
cero γ≈5000,5000.2343,0.5,angular,93,0.015743,0.015805,0.996071
cero γ≈5000,5000.2343,0.5,angular,94,0.015664,0.015743,0.994970
cero γ≈5000,5000.2343,0.5,angular,95,0.015284,0.015664,0.975787
cero γ≈5000,5000.2343,0.5,angular,96,0.015622,0.015284,1.022084
cero γ≈5000,5000.2343,0.5,angular,97,0.015563,0.015622,0.996204
cero γ≈5000,5000.2343,0.5,angular,98,0.015475,0.015563,0.994352
cero γ≈5000,5000.2343,0.5,angular,99,0.015130,0.015475,0.977729
cero γ≈5000,5000.2343,0.5,angular,100,0.015448,0.015130,1.020992
cero γ≈5000,5000.2343,0.5,angular,101,0.015371,0.015448,0.995012
cero γ≈5000,5000.2343,0.5,angular,102,0.014972,0.015371,0.974060
cero γ≈5000,5000.2343,0.5,angular,103,0.015329,0.014972,1.023857
cero γ≈5000,5000.2343,0.5,angular,104,0.015257,0.015329,0.995280
cero γ≈5000,5000.2343,0.5,angular,105,0.014851,0.015257,0.973424
cero γ≈5000,5000.2343,0.5,angular,106,0.015214,0.014851,1.024418
cero γ≈5000,5000.2343,0.5,angular,107,0.015133,0.015214,0.994650
cero γ≈5000,5000.2343,0.5,angular,108,0.014760,0.015133,0.975350
cero γ≈5000,5000.2343,0.5,angular,109,0.015100,0.014760,1.023050
cero γ≈5000,5000.2343,0.5,angular,110,0.014652,0.015100,0.970349
cero γ≈5000,5000.2343,0.5,angular,111,0.015032,0.014652,1.025904
cero γ≈5000,5000.2343,0.5,angular,112,0.014971,0.015032,0.995950
cero γ≈5000,5000.2343,0.5,angular,113,0.014573,0.014971,0.973430
cero γ≈5000,5000.2343,0.5,angular,114,0.014929,0.014573,1.024422
cero γ≈5000,5000.2343,0.5,angular,115,0.014486,0.014929,0.970308
cero γ≈5000,5000.2343,0.5,angular,116,0.014869,0.014486,1.026469
cero γ≈5000,5000.2343,0.5,angular,117,0.014774,0.014869,0.993591
cero γ≈5000,5000.2343,0.5,angular,118,0.014469,0.014774,0.979403
cero γ≈5000,5000.2343,0.5,angular,119,0.014737,0.014469,1.018459
cero γ≈5000,5000.2343,0.5,angular,120,0.014376,0.014737,0.975551
cero γ≈5000,5000.2343,0.5,angular,121,0.014691,0.014376,1.021861
cero γ≈5000,5000.2343,0.5,angular,122,0.014302,0.014691,0.973534
cero γ≈5000,5000.2343,0.5,angular,123,0.014639,0.014302,1.023566
cero γ≈5000,5000.2343,0.5,angular,124,0.014239,0.014639,0.972715
cero γ≈5000,5000.2343,0.5,angular,125,0.014583,0.014239,1.024146
cero γ≈5000,5000.2343,0.5,angular,126,0.014186,0.014583,0.972755
cero γ≈5000,5000.2343,0.5,angular,127,0.014524,0.014186,1.023830
cero γ≈5000,5000.2343,0.5,angular,128,0.014141,0.014524,0.973653
cero γ≈5000,5000.2343,0.5,angular,129,0.014459,0.014141,1.022474
cero γ≈5000,5000.2343,0.5,angular,130,0.014108,0.014459,0.975731
cero γ≈5000,5000.2343,0.5,angular,131,0.014385,0.014108,1.019599
cero γ≈5000,5000.2343,0.5,angular,132,0.014091,0.014385,0.979591
cero γ≈5000,5000.2343,0.5,angular,133,0.013990,0.014091,0.992843
cero γ≈5000,5000.2343,0.5,angular,134,0.014365,0.013990,1.026785
cero γ≈5000,5000.2343,0.5,angular,135,0.013939,0.014365,0.970368
cero γ≈5000,5000.2343,0.5,angular,136,0.014307,0.013939,1.026372
cero γ≈5000,5000.2343,0.5,angular,137,0.013914,0.014307,0.972545
cero γ≈5000,5000.2343,0.5,angular,138,0.014221,0.013914,1.022077
cero γ≈5000,5000.2343,0.5,angular,139,0.013925,0.014221,0.979135
cero γ≈5000,5000.2343,0.5,angular,140,0.013826,0.013925,0.992922
cero γ≈5000,5000.2343,0.5,angular,141,0.014196,0.013826,1.026781
cero γ≈5000,5000.2343,0.5,angular,142,0.013799,0.014196,0.972044
cero γ≈5000,5000.2343,0.5,angular,143,0.014101,0.013799,1.021878
cero γ≈5000,5000.2343,0.5,angular,144,0.013830,0.014101,0.980792
cero γ≈5000,5000.2343,0.5,angular,145,0.013721,0.013830,0.992055
cero γ≈5000,5000.2343,0.5,angular,146,0.014071,0.013721,1.025562
cero γ≈5000,5000.2343,0.5,angular,147,0.013728,0.014071,0.975593
cero γ≈5000,5000.2343,0.5,angular,148,0.013662,0.013728,0.995198
cero γ≈5000,5000.2343,0.5,angular,149,0.014022,0.013662,1.026360
cero γ≈5000,5000.2343,0.5,angular,150,0.013652,0.014022,0.973614
cero γ≈5000,5000.2343,0.5,angular,151,0.013608,0.013652,0.996756
cero γ≈5000,5000.2343,0.5,angular,152,0.013965,0.013608,1.026260
cero γ≈5000,5000.2343,0.5,angular,153,0.013593,0.013965,0.973340
cero γ≈5000,5000.2343,0.5,angular,154,0.013552,0.013593,0.996994
cero γ≈5000,5000.2343,0.5,angular,155,0.013905,0.013552,1.026021
cero γ≈5000,5000.2343,0.5,angular,156,0.013547,0.013905,0.974269
cero γ≈5000,5000.2343,0.5,angular,157,0.013496,0.013547,0.996224
cero γ≈5000,5000.2343,0.5,angular,158,0.013836,0.013496,1.025218
cero γ≈5000,5000.2343,0.5,angular,159,0.013517,0.013836,0.976927
cero γ≈5000,5000.2343,0.5,angular,160,0.013445,0.013517,0.994726
cero γ≈5000,5000.2343,0.5,angular,161,0.013452,0.013445,1.000459
cero γ≈5000,5000.2343,0.5,angular,162,0.013784,0.013452,1.024746
cero γ≈5000,5000.2343,0.5,angular,163,0.013411,0.013784,0.972931
cero γ≈5000,5000.2343,0.5,angular,164,0.013382,0.013411,0.997803
cero γ≈5000,5000.2343,0.5,angular,165,0.013714,0.013382,1.024793
cero γ≈5000,5000.2343,0.5,angular,166,0.013406,0.013714,0.977561
cero γ≈5000,5000.2343,0.5,angular,167,0.013338,0.013406,0.994926
cero γ≈5000,5000.2343,0.5,angular,168,0.013325,0.013338,0.999069
cero γ≈5000,5000.2343,0.5,angular,169,0.013657,0.013325,1.024850
cero γ≈5000,5000.2343,0.5,angular,170,0.013335,0.013657,0.976420
cero γ≈5000,5000.2343,0.5,angular,171,0.013278,0.013335,0.995718
cero γ≈5000,5000.2343,0.5,angular,172,0.013265,0.013278,0.999092
cero γ≈5000,5000.2343,0.5,angular,173,0.013588,0.013265,1.024299
cero γ≈5000,5000.2343,0.5,angular,174,0.013286,0.013588,0.977772
cero γ≈5000,5000.2343,0.5,angular,175,0.013226,0.013286,0.995523
cero γ≈5000,5000.2343,0.5,angular,176,0.013204,0.013226,0.998348
cero γ≈5000,5000.2343,0.5,angular,177,0.013215,0.013204,1.000765
cero γ≈5000,5000.2343,0.5,angular,178,0.013528,0.013215,1.023759
cero γ≈5000,5000.2343,0.5,angular,179,0.013190,0.013528,0.975002
cero γ≈5000,5000.2343,0.5,angular,180,0.013153,0.013190,0.997137
cero γ≈5000,5000.2343,0.5,angular,181,0.013141,0.013153,0.999144
cero γ≈5000,5000.2343,0.5,angular,182,0.013438,0.013141,1.022592
cero γ≈5000,5000.2343,0.5,angular,183,0.013183,0.013438,0.980983
cero γ≈5000,5000.2343,0.5,angular,184,0.013124,0.013183,0.995533
cero γ≈5000,5000.2343,0.5,angular,185,0.013090,0.013124,0.997465
cero γ≈5000,5000.2343,0.5,angular,186,0.013077,0.013090,0.998961
cero γ≈5000,5000.2343,0.5,angular,187,0.013080,0.013077,1.000202
cero γ≈5000,5000.2343,0.5,angular,188,0.013384,0.013080,1.023264
cero γ≈5000,5000.2343,0.5,angular,189,0.013079,0.013384,0.977193
cero γ≈5000,5000.2343,0.5,angular,190,0.013040,0.013079,0.997015
cero γ≈5000,5000.2343,0.5,angular,191,0.013018,0.013040,0.998329
cero γ≈5000,5000.2343,0.5,angular,192,0.013008,0.013018,0.999235
cero γ≈5000,5000.2343,0.5,angular,193,0.013008,0.013008,1.000016
cero γ≈5000,5000.2343,0.5,angular,194,0.013303,0.013008,1.022708
cero γ≈5000,5000.2343,0.5,angular,195,0.013013,0.013303,0.978158
cero γ≈5000,5000.2343,0.5,angular,196,0.012977,0.013013,0.997241
cero γ≈5000,5000.2343,0.5,angular,197,0.012954,0.012977,0.998265
cero γ≈5000,5000.2343,0.5,angular,198,0.012941,0.012954,0.998951
cero γ≈5000,5000.2343,0.5,angular,199,0.012933,0.012941,0.999389
cero γ≈5000,5000.2343,0.5,angular,200,0.012930,0.012933,0.999812
cero γ≈5000,5000.2343,0.5,angular,201,0.013215,0.012930,1.021985
cero γ≈5000,5000.2343,0.5,angular,202,0.012939,0.013215,0.979125
cero γ≈5000,5000.2343,0.5,angular,203,0.012908,0.012939,0.997578
cero γ≈5000,5000.2343,0.5,angular,204,0.012886,0.012908,0.998326
cero γ≈5000,5000.2343,0.5,angular,205,0.012871,0.012886,0.998873
cero γ≈5000,5000.2343,0.5,angular,206,0.012861,0.012871,0.999180
cero γ≈5000,5000.2343,0.5,angular,207,0.012852,0.012861,0.999337
cero γ≈5000,5000.2343,0.5,angular,208,0.012846,0.012852,0.999472
cero γ≈5000,5000.2343,0.5,angular,209,0.012841,0.012846,0.999677
cero γ≈5000,5000.2343,0.5,angular,210,0.013118,0.012841,1.021512
cero γ≈5000,5000.2343,0.5,angular,211,0.012841,0.013118,0.978934
cero γ≈5000,5000.2343,0.5,angular,212,0.012818,0.012841,0.998205
cero γ≈5000,5000.2343,0.5,angular,213,0.012801,0.012818,0.998657
cero γ≈5000,5000.2343,0.5,angular,214,0.012788,0.012801,0.999014
cero γ≈5000,5000.2343,0.5,angular,215,0.012779,0.012788,0.999240
cero γ≈5000,5000.2343,0.5,angular,216,0.012754,0.012779,0.998052
cero γ≈5000,5000.2343,0.5,angular,217,0.012729,0.012754,0.998075
cero γ≈5000,5000.2343,0.5,angular,218,0.012722,0.012729,0.999458
cero γ≈5000,5000.2343,0.5,angular,219,0.012990,0.012722,1.021014
cero γ≈5000,5000.2343,0.5,angular,220,0.012713,0.012990,0.978691
cero γ≈5000,5000.2343,0.5,angular,221,0.012698,0.012713,0.998861
cero γ≈5000,5000.2343,0.5,angular,222,0.012686,0.012698,0.999040
cero γ≈5000,5000.2343,0.5,angular,223,0.012676,0.012686,0.999195
cero γ≈5000,5000.2343,0.5,angular,224,0.011975,0.012676,0.944668
cero γ≈5000,5000.2343,0.5,angular,225,0.012083,0.011975,1.009084
cero γ≈5000,5000.2343,0.5,angular,226,0.012291,0.012083,1.017157
cero γ≈5000,5000.2343,0.5,angular,227,0.012319,0.012291,1.002338
cero γ≈5000,5000.2343,0.5,angular,228,0.012077,0.012319,0.980335
cero γ≈5000,5000.2343,0.5,angular,229,0.012307,0.012077,1.019007
cero γ≈5000,5000.2343,0.5,angular,230,0.012329,0.012307,1.001809
cero γ≈5000,5000.2343,0.5,angular,231,0.012079,0.012329,0.979720
cero γ≈5000,5000.2343,0.5,angular,232,0.012318,0.012079,1.019805
cero γ≈5000,5000.2343,0.5,angular,233,0.012337,0.012318,1.001556
cero γ≈5000,5000.2343,0.5,angular,234,0.012086,0.012337,0.979664
cero γ≈5000,5000.2343,0.5,angular,235,0.012326,0.012086,1.019837
cero γ≈5000,5000.2343,0.5,angular,236,0.012345,0.012326,1.001530
cero γ≈5000,5000.2343,0.5,angular,237,0.012100,0.012345,0.980123
cero γ≈5000,5000.2343,0.5,angular,238,0.012331,0.012100,1.019123
cero γ≈5000,5000.2343,0.5,angular,239,0.012352,0.012331,1.001671
cero γ≈5000,5000.2343,0.5,angular,240,0.012355,0.012352,1.000293
cero γ≈5000,5000.2343,0.5,angular,241,0.012091,0.012355,0.978586
cero γ≈5000,5000.2343,0.5,angular,242,0.012356,0.012091,1.021935
cero γ≈5000,5000.2343,0.5,angular,243,0.012365,0.012356,1.000759
cero γ≈5000,5000.2343,0.5,angular,244,0.012108,0.012365,0.979224
cero γ≈5000,5000.2343,0.5,angular,245,0.012356,0.012108,1.020467
cero γ≈5000,5000.2343,0.5,angular,246,0.012372,0.012356,1.001264
cero γ≈5000,5000.2343,0.5,angular,247,0.012375,0.012372,1.000290
cero γ≈5000,5000.2343,0.5,angular,248,0.012112,0.012375,0.978720
cero γ≈5000,5000.2343,0.5,angular,249,0.012373,0.012112,1.021501
cero γ≈5000,5000.2343,0.5,angular,250,0.012384,0.012373,1.000952
cero γ≈5000,5000.2343,0.5,angular,251,0.012386,0.012384,1.000167
cero γ≈5000,5000.2343,0.5,angular,252,0.012123,0.012386,0.978705
cero γ≈5000,5000.2343,0.5,angular,253,0.012384,0.012123,1.021595
cero γ≈5000,5000.2343,0.5,angular,254,0.012395,0.012384,1.000893
cero γ≈5000,5000.2343,0.5,angular,255,0.012399,0.012395,1.000274
cero γ≈5000,5000.2343,0.5,angular,256,0.012139,0.012399,0.979026
cero γ≈5000,5000.2343,0.5,angular,257,0.012393,0.012139,1.020912
cero γ≈5000,5000.2343,0.5,angular,258,0.012405,0.012393,1.000986
cero γ≈5000,5000.2343,0.5,angular,259,0.012411,0.012405,1.000511
cero γ≈5000,5000.2343,0.5,angular,260,0.012412,0.012411,1.000073
cero γ≈5000,5000.2343,0.5,angular,261,0.012148,0.012412,0.978761
cero γ≈5000,5000.2343,0.5,angular,262,0.012411,0.012148,1.021578
cero γ≈5000,5000.2343,0.5,angular,263,0.012420,0.012411,1.000788
cero γ≈5000,5000.2343,0.5,angular,264,0.012426,0.012420,1.000452
cero γ≈5000,5000.2343,0.5,angular,265,0.012428,0.012426,1.000148
cero γ≈5000,5000.2343,0.5,angular,266,0.012168,0.012428,0.979054
cero γ≈5000,5000.2343,0.5,angular,267,0.012423,0.012168,1.021030
cero γ≈5000,5000.2343,0.5,angular,268,0.012433,0.012423,1.000777
cero γ≈5000,5000.2343,0.5,angular,269,0.012440,0.012433,1.000551
cero γ≈5000,5000.2343,0.5,angular,270,0.012444,0.012440,1.000343
cero γ≈5000,5000.2343,0.5,angular,271,0.012446,0.012444,1.000165
cero γ≈5000,5000.2343,0.5,angular,272,0.012188,0.012446,0.979284
cero γ≈5000,5000.2343,0.5,angular,273,0.012442,0.012188,1.020771
cero γ≈5000,5000.2343,0.5,angular,274,0.012450,0.012442,1.000674
cero γ≈5000,5000.2343,0.5,angular,275,0.012457,0.012450,1.000540
cero γ≈5000,5000.2343,0.5,angular,276,0.012462,0.012457,1.000417
cero γ≈5000,5000.2343,0.5,angular,277,0.012466,0.012462,1.000312
cero γ≈5000,5000.2343,0.5,angular,278,0.012469,0.012466,1.000227
cero γ≈5000,5000.2343,0.5,angular,279,0.012471,0.012469,1.000162
cero γ≈5000,5000.2343,0.5,angular,280,0.012211,0.012471,0.979150
cero γ≈5000,5000.2343,0.5,angular,281,0.012469,0.012211,1.021192
cero γ≈5000,5000.2343,0.5,angular,282,0.012476,0.012469,1.000500
cero γ≈5000,5000.2343,0.5,angular,283,0.012481,0.012476,1.000438
cero γ≈5000,5000.2343,0.5,angular,284,0.012486,0.012481,1.000385
cero γ≈5000,5000.2343,0.5,angular,285,0.012490,0.012486,1.000341
cero γ≈5000,5000.2343,0.5,angular,286,0.012494,0.012490,1.000305
cero γ≈5000,5000.2343,0.5,angular,287,0.012497,0.012494,1.000279
cero γ≈5000,5000.2343,0.5,angular,288,0.012501,0.012497,1.000260
cero γ≈5000,5000.2343,0.5,angular,289,0.012504,0.012501,1.000248
cero γ≈5000,5000.2343,0.5,angular,290,0.012507,0.012504,1.000241
cero γ≈5000,5000.2343,0.5,angular,291,0.012510,0.012507,1.000240
cero γ≈5000,5000.2343,0.5,angular,292,0.012255,0.012510,0.979614
cero γ≈5000,5000.2343,0.5,angular,293,0.012511,0.012255,1.020932
cero γ≈5000,5000.2343,0.5,angular,294,0.012516,0.012511,1.000350
cero γ≈5000,5000.2343,0.5,angular,295,0.012520,0.012516,1.000334
cero γ≈5000,5000.2343,0.5,angular,296,0.012524,0.012520,1.000321
cero γ≈5000,5000.2343,0.5,angular,297,0.012528,0.012524,1.000311
cero γ≈5000,5000.2343,0.5,angular,298,0.012532,0.012528,1.000303
cero γ≈5000,5000.2343,0.5,angular,299,0.012535,0.012532,1.000297
cero γ≈5000,5000.2343,0.5,angular,300,0.012539,0.012535,1.000293
cero γ≈5000,5000.2343,0.5,angular,301,0.012543,0.012539,1.000290
cero γ≈5000,5000.2343,0.5,angular,302,0.012546,0.012543,1.000289
cero γ≈5000,5000.2343,0.5,angular,303,0.012550,0.012546,1.000289
cero γ≈5000,5000.2343,0.5,angular,304,0.012554,0.012550,1.000291
cero γ≈5000,5000.2343,0.5,angular,305,0.012557,0.012554,1.000294
cero γ≈5000,5000.2343,0.5,angular,306,0.012561,0.012557,1.000298
cero γ≈5000,5000.2343,0.5,angular,307,0.012565,0.012561,1.000305
cero γ≈5000,5000.2343,0.5,angular,308,0.012569,0.012565,1.000313
cero γ≈5000,5000.2343,0.5,angular,309,0.012573,0.012569,1.000323
cero γ≈5000,5000.2343,0.5,angular,310,0.012577,0.012573,1.000336
cero γ≈5000,5000.2343,0.5,angular,311,0.012581,0.012577,1.000351
cero γ≈5000,5000.2343,0.5,angular,312,0.012740,0.012581,1.012609
cero γ≈5000,5000.2343,0.5,angular,313,0.012585,0.012740,0.987854
cero γ≈5000,5000.2343,0.5,angular,314,0.012588,0.012585,1.000248
cero γ≈5000,5000.2343,0.5,angular,315,0.012592,0.012588,1.000251
cero γ≈5000,5000.2343,0.5,angular,316,0.012595,0.012592,1.000258
cero γ≈5000,5000.2343,0.5,angular,317,0.012598,0.012595,1.000271
cero γ≈5000,5000.2343,0.5,angular,318,0.012602,0.012598,1.000290
cero γ≈5000,5000.2343,0.5,angular,319,0.012606,0.012602,1.000316
cero γ≈5000,5000.2343,0.5,angular,320,0.012610,0.012606,1.000351
cero γ≈5000,5000.2343,0.5,angular,321,0.012615,0.012610,1.000394
cero γ≈5000,5000.2343,0.5,angular,322,0.012621,0.012615,1.000446
cero γ≈5000,5000.2343,0.5,angular,323,0.012627,0.012621,1.000505
cero γ≈5000,5000.2343,0.5,angular,324,0.012789,0.012627,1.012846
cero γ≈5000,5000.2343,0.5,angular,325,0.012628,0.012789,0.987362
cero γ≈5000,5000.2343,0.5,angular,326,0.012630,0.012628,1.000203
cero γ≈5000,5000.2343,0.5,angular,327,0.012634,0.012630,1.000269
cero γ≈5000,5000.2343,0.5,angular,328,0.012638,0.012634,1.000353
cero γ≈5000,5000.2343,0.5,angular,329,0.012644,0.012638,1.000454
cero γ≈5000,5000.2343,0.5,angular,330,0.012651,0.012644,1.000569
cero γ≈5000,5000.2343,0.5,angular,331,0.012660,0.012651,1.000695
cero γ≈5000,5000.2343,0.5,angular,332,0.012817,0.012660,1.012431
cero γ≈5000,5000.2343,0.5,angular,333,0.012656,0.012817,0.987403
cero γ≈5000,5000.2343,0.5,angular,334,0.012659,0.012656,1.000272
cero γ≈5000,5000.2343,0.5,angular,335,0.012665,0.012659,1.000444
cero γ≈5000,5000.2343,0.5,angular,336,0.012673,0.012665,1.000639
cero γ≈5000,5000.2343,0.5,angular,337,0.012684,0.012673,1.000845
cero γ≈5000,5000.2343,0.5,angular,338,0.012841,0.012684,1.012378
cero γ≈5000,5000.2343,0.5,angular,339,0.012678,0.012841,0.987305
cero γ≈5000,5000.2343,0.5,angular,340,0.012682,0.012678,1.000361
cero γ≈5000,5000.2343,0.5,angular,341,0.012690,0.012682,1.000648
cero γ≈5000,5000.2343,0.5,angular,342,0.012703,0.012690,1.000949
cero γ≈5000,5000.2343,0.5,angular,343,0.012862,0.012703,1.012567
cero γ≈5000,5000.2343,0.5,angular,344,0.012696,0.012862,0.987107
cero γ≈5000,5000.2343,0.5,angular,345,0.012702,0.012696,1.000442
cero γ≈5000,5000.2343,0.5,angular,346,0.012713,0.012702,1.000848
cero γ≈5000,5000.2343,0.5,angular,347,0.012885,0.012713,1.013587
cero γ≈5000,5000.2343,0.5,angular,348,0.012712,0.012885,0.986551
cero γ≈5000,5000.2343,0.5,angular,349,0.012716,0.012712,1.000310
cero γ≈5000,5000.2343,0.5,angular,350,0.012727,0.012716,1.000833
cero γ≈5000,5000.2343,0.5,angular,351,0.012903,0.012727,1.013865
cero γ≈5000,5000.2343,0.5,angular,352,0.012728,0.012903,0.986390
cero γ≈5000,5000.2343,0.5,angular,353,0.012732,0.012728,1.000332
cero γ≈5000,5000.2343,0.5,angular,354,0.012744,0.012732,1.000992
cero γ≈5000,5000.2343,0.5,angular,355,0.012917,0.012744,1.013574
cero γ≈5000,5000.2343,0.5,angular,356,0.012742,0.012917,0.986440
cero γ≈5000,5000.2343,0.5,angular,357,0.012750,0.012742,1.000600
cero γ≈5000,5000.2343,0.5,angular,358,0.012768,0.012750,1.001403
cero γ≈5000,5000.2343,0.5,angular,359,0.012925,0.012768,1.012311
cero γ≈5000,5000.2343,0.5,angular,360,0.012759,0.012925,0.987151
cero γ≈5000,5000.2343,0.5,angular,361,0.012774,0.012759,1.001203
cero γ≈5000,5000.2343,0.5,angular,362,0.012944,0.012774,1.013278
cero γ≈5000,5000.2343,0.5,angular,363,0.012770,0.012944,0.986555
cero γ≈5000,5000.2343,0.5,angular,364,0.012784,0.012770,1.001094
cero γ≈5000,5000.2343,0.5,angular,365,0.012959,0.012784,1.013684
cero γ≈5000,5000.2343,0.5,angular,366,0.012782,0.012959,0.986329
cero γ≈5000,5000.2343,0.5,angular,367,0.012796,0.012782,1.001130
cero γ≈5000,5000.2343,0.5,angular,368,0.012971,0.012796,1.013673
cero γ≈5000,5000.2343,0.5,angular,369,0.012794,0.012971,0.986342
cero γ≈5000,5000.2343,0.5,angular,370,0.012811,0.012794,1.001360
cero γ≈5000,5000.2343,0.5,angular,371,0.012980,0.012811,1.013206
cero γ≈5000,5000.2343,0.5,angular,372,0.012807,0.012980,0.986667
cero γ≈5000,5000.2343,0.5,angular,373,0.012831,0.012807,1.001822
cero γ≈5000,5000.2343,0.5,angular,374,0.012985,0.012831,1.012067
cero γ≈5000,5000.2343,0.5,angular,375,0.012824,0.012985,0.987571
cero γ≈5000,5000.2343,0.5,angular,376,0.013008,0.012824,1.014360
cero γ≈5000,5000.2343,0.5,angular,377,0.012826,0.013008,0.985994
cero γ≈5000,5000.2343,0.5,angular,378,0.012847,0.012826,1.001659
cero γ≈5000,5000.2343,0.5,angular,379,0.013011,0.012847,1.012720
cero γ≈5000,5000.2343,0.5,angular,380,0.012844,0.013011,0.987222
cero γ≈5000,5000.2343,0.5,angular,381,0.013029,0.012844,1.014396
cero γ≈5000,5000.2343,0.5,angular,382,0.012847,0.013029,0.986024
cero γ≈5000,5000.2343,0.5,angular,383,0.013042,0.012847,1.015147
cero γ≈5000,5000.2343,0.5,angular,384,0.012855,0.013042,0.985634
cero γ≈5000,5000.2343,0.5,angular,385,0.012873,0.012855,1.001461
cero γ≈5000,5000.2343,0.5,angular,386,0.013044,0.012873,1.013223
cero γ≈5000,5000.2343,0.5,angular,387,0.012875,0.013044,0.987086
cero γ≈5000,5000.2343,0.5,angular,388,0.013058,0.012875,1.014200
cero γ≈5000,5000.2343,0.5,angular,389,0.012880,0.013058,0.986339
cero γ≈5000,5000.2343,0.5,angular,390,0.013070,0.012880,1.014774
cero γ≈5000,5000.2343,0.5,angular,391,0.012886,0.013070,0.985922
cero γ≈5000,5000.2343,0.5,angular,392,0.013080,0.012886,1.015085
cero γ≈5000,5000.2343,0.5,angular,393,0.012893,0.013080,0.985709
cero γ≈5000,5000.2343,0.5,angular,394,0.013090,0.012893,1.015238
cero γ≈5000,5000.2343,0.5,angular,395,0.012901,0.013090,0.985612
cero γ≈5000,5000.2343,0.5,angular,396,0.013099,0.012901,1.015301
cero γ≈5000,5000.2343,0.5,angular,397,0.012910,0.013099,0.985586
cero γ≈5000,5000.2343,0.5,angular,398,0.013108,0.012910,1.015300
cero γ≈5000,5000.2343,0.5,angular,399,0.012919,0.013108,0.985628
cero γ≈5000,5000.2343,0.5,angular,400,0.013116,0.012919,1.015219
cero γ≈5000,5000.2343,0.5,angular,401,0.012929,0.013116,0.985777
cero γ≈5000,5000.2343,0.5,angular,402,0.013123,0.012929,1.015003
cero γ≈5000,5000.2343,0.5,angular,403,0.012941,0.013123,0.986112
cero γ≈5000,5000.2343,0.5,angular,404,0.013129,0.012941,1.014558
cero γ≈5000,5000.2343,0.5,angular,405,0.012955,0.013129,0.986752
cero γ≈5000,5000.2343,0.5,angular,406,0.013134,0.012955,1.013754
cero γ≈5000,5000.2343,0.5,angular,407,0.012974,0.013134,0.987843
cero γ≈5000,5000.2343,0.5,angular,408,0.013135,0.012974,1.012442
cero γ≈5000,5000.2343,0.5,angular,409,0.013158,0.013135,1.001690
cero γ≈5000,5000.2343,0.5,angular,410,0.012969,0.013158,0.985648
cero γ≈5000,5000.2343,0.5,angular,411,0.013163,0.012969,1.014967
cero γ≈5000,5000.2343,0.5,angular,412,0.012988,0.013163,0.986685
cero γ≈5000,5000.2343,0.5,angular,413,0.013164,0.012988,1.013587
cero γ≈5000,5000.2343,0.5,angular,414,0.013181,0.013164,1.001288
cero γ≈5000,5000.2343,0.5,angular,415,0.012990,0.013181,0.985527
cero γ≈5000,5000.2343,0.5,angular,416,0.013186,0.012990,1.015059
cero γ≈5000,5000.2343,0.5,angular,417,0.013013,0.013186,0.986921
cero γ≈5000,5000.2343,0.5,angular,418,0.013184,0.013013,1.013151
cero γ≈5000,5000.2343,0.5,angular,419,0.013203,0.013184,1.001395
cero γ≈5000,5000.2343,0.5,angular,420,0.013019,0.013203,0.986066
cero γ≈5000,5000.2343,0.5,angular,421,0.013204,0.013019,1.014182
cero γ≈5000,5000.2343,0.5,angular,422,0.013218,0.013204,1.001078
cero γ≈5000,5000.2343,0.5,angular,423,0.013029,0.013218,0.985743
cero γ≈5000,5000.2343,0.5,angular,424,0.013220,0.013029,1.014600
cero γ≈5000,5000.2343,0.5,angular,425,0.013232,0.013220,1.000937
cero γ≈5000,5000.2343,0.5,angular,426,0.013043,0.013232,0.985715
cero γ≈5000,5000.2343,0.5,angular,427,0.013233,0.013043,1.014608
cero γ≈5000,5000.2343,0.5,angular,428,0.013246,0.013233,1.000929
cero γ≈5000,5000.2343,0.5,angular,429,0.013060,0.013246,0.985960
cero γ≈5000,5000.2343,0.5,angular,430,0.013245,0.013060,1.014212
cero γ≈5000,5000.2343,0.5,angular,431,0.013259,0.013245,1.001014
cero γ≈5000,5000.2343,0.5,angular,432,0.013082,0.013259,0.986664
cero γ≈5000,5000.2343,0.5,angular,433,0.013255,0.013082,1.013225
cero γ≈5000,5000.2343,0.5,angular,434,0.013270,0.013255,1.001147
cero γ≈5000,5000.2343,0.5,angular,435,0.013279,0.013270,1.000673
cero γ≈5000,5000.2343,0.5,angular,436,0.013092,0.013279,0.985893
cero γ≈5000,5000.2343,0.5,angular,437,0.013279,0.013092,1.014282
cero γ≈5000,5000.2343,0.5,angular,438,0.013291,0.013279,1.000917
cero γ≈5000,5000.2343,0.5,angular,439,0.013298,0.013291,1.000551
cero γ≈5000,5000.2343,0.5,angular,440,0.013110,0.013298,0.985805
cero γ≈5000,5000.2343,0.5,angular,441,0.013299,0.013110,1.014423
cero γ≈5000,5000.2343,0.5,angular,442,0.013310,0.013299,1.000840
cero γ≈5000,5000.2343,0.5,angular,443,0.013317,0.013310,1.000566
cero γ≈5000,5000.2343,0.5,angular,444,0.013134,0.013317,0.986267
cero γ≈5000,5000.2343,0.5,angular,445,0.013315,0.013134,1.013779
cero γ≈5000,5000.2343,0.5,angular,446,0.013327,0.013315,1.000848
cero γ≈5000,5000.2343,0.5,angular,447,0.013335,0.013327,1.000649
cero γ≈5000,5000.2343,0.5,angular,448,0.013342,0.013335,1.000467
cero γ≈5000,5000.2343,0.5,angular,449,0.013157,0.013342,0.986171
cero γ≈5000,5000.2343,0.5,angular,450,0.013341,0.013157,1.013967
cero γ≈5000,5000.2343,0.5,angular,451,0.013351,0.013341,1.000741
cero γ≈5000,5000.2343,0.5,angular,452,0.013359,0.013351,1.000611
cero γ≈5000,5000.2343,0.5,angular,453,0.013365,0.013359,1.000495
cero γ≈5000,5000.2343,0.5,angular,454,0.013371,0.013365,1.000396
cero γ≈5000,5000.2343,0.5,angular,455,0.013185,0.013371,0.986071
cero γ≈5000,5000.2343,0.5,angular,456,0.013372,0.013185,1.014200
cero γ≈5000,5000.2343,0.5,angular,457,0.013380,0.013372,1.000626
cero γ≈5000,5000.2343,0.5,angular,458,0.013388,0.013380,1.000552
cero γ≈5000,5000.2343,0.5,angular,459,0.013394,0.013388,1.000489
cero γ≈5000,5000.2343,0.5,angular,460,0.013400,0.013394,1.000436
cero γ≈5000,5000.2343,0.5,angular,461,0.013405,0.013400,1.000394
cero γ≈5000,5000.2343,0.5,angular,462,0.013410,0.013405,1.000364
cero γ≈5000,5000.2343,0.5,angular,463,0.013222,0.013410,0.986001
cero γ≈5000,5000.2343,0.5,angular,464,0.013414,0.013222,1.014459
cero γ≈5000,5000.2343,0.5,angular,465,0.013420,0.013414,1.000506
cero γ≈5000,5000.2343,0.5,angular,466,0.013427,0.013420,1.000475
cero γ≈5000,5000.2343,0.5,angular,467,0.013433,0.013427,1.000449
cero γ≈5000,5000.2343,0.5,angular,468,0.013438,0.013433,1.000429
cero γ≈5000,5000.2343,0.5,angular,469,0.013444,0.013438,1.000412
cero γ≈5000,5000.2343,0.5,angular,470,0.013449,0.013444,1.000400
cero γ≈5000,5000.2343,0.5,angular,471,0.013455,0.013449,1.000391
cero γ≈5000,5000.2343,0.5,angular,472,0.013460,0.013455,1.000385
cero γ≈5000,5000.2343,0.5,angular,473,0.013465,0.013460,1.000381
cero γ≈5000,5000.2343,0.5,angular,474,0.013470,0.013465,1.000379
cero γ≈5000,5000.2343,0.5,angular,475,0.013475,0.013470,1.000377
cero γ≈5000,5000.2343,0.5,angular,476,0.013480,0.013475,1.000377
cero γ≈5000,5000.2343,0.5,angular,477,0.013485,0.013480,1.000377
cero γ≈5000,5000.2343,0.5,angular,478,0.013490,0.013485,1.000377
cero γ≈5000,5000.2343,0.5,angular,479,0.013495,0.013490,1.000377
cero γ≈5000,5000.2343,0.5,angular,480,0.013501,0.013495,1.000377
cero γ≈5000,5000.2343,0.5,angular,481,0.013506,0.013501,1.000377
cero γ≈5000,5000.2343,0.5,angular,482,0.013511,0.013506,1.000376
cero γ≈5000,5000.2343,0.5,angular,483,0.013516,0.013511,1.000376
cero γ≈5000,5000.2343,0.5,angular,484,0.013521,0.013516,1.000376
cero γ≈5000,5000.2343,0.5,angular,485,0.013526,0.013521,1.000376
cero γ≈5000,5000.2343,0.5,angular,486,0.013531,0.013526,1.000377
cero γ≈5000,5000.2343,0.5,angular,487,0.013536,0.013531,1.000379
cero γ≈5000,5000.2343,0.5,angular,488,0.013541,0.013536,1.000382
cero γ≈5000,5000.2343,0.5,angular,489,0.013547,0.013541,1.000388
cero γ≈5000,5000.2343,0.5,angular,490,0.013552,0.013547,1.000396
cero γ≈5000,5000.2343,0.5,angular,491,0.013558,0.013552,1.000407
cero γ≈5000,5000.2343,0.5,angular,492,0.013563,0.013558,1.000422
cero γ≈5000,5000.2343,0.5,angular,493,0.013569,0.013563,1.000441
cero γ≈5000,5000.2343,0.5,angular,494,0.013576,0.013569,1.000464
cero γ≈5000,5000.2343,0.5,angular,495,0.013582,0.013576,1.000492
cero γ≈5000,5000.2343,0.5,angular,496,0.013717,0.013582,1.009918
cero γ≈5000,5000.2343,0.5,angular,497,0.013588,0.013717,0.990629
cero γ≈5000,5000.2343,0.5,angular,498,0.013593,0.013588,1.000362
cero γ≈5000,5000.2343,0.5,angular,499,0.013599,0.013593,1.000391
cero γ≈5000,5000.2343,0.5,angular,500,0.013604,0.013599,1.000431
cero γ≈5000,5000.2343,0.5,angular,501,0.013611,0.013604,1.000480
cero γ≈5000,5000.2343,0.5,angular,502,0.013618,0.013611,1.000538
cero γ≈5000,5000.2343,0.5,angular,503,0.013627,0.013618,1.000605
cero γ≈5000,5000.2343,0.5,angular,504,0.013760,0.013627,1.009764
cero γ≈5000,5000.2343,0.5,angular,505,0.013630,0.013760,0.990588
cero γ≈5000,5000.2343,0.5,angular,506,0.013636,0.013630,1.000406
cero γ≈5000,5000.2343,0.5,angular,507,0.013642,0.013636,1.000499
cero γ≈5000,5000.2343,0.5,angular,508,0.013651,0.013642,1.000606
cero γ≈5000,5000.2343,0.5,angular,509,0.013794,0.013651,1.010465
cero γ≈5000,5000.2343,0.5,angular,510,0.013657,0.013794,0.990105
cero γ≈5000,5000.2343,0.5,angular,511,0.013662,0.013657,1.000357
cero γ≈5000,5000.2343,0.5,angular,512,0.013669,0.013662,1.000505
cero γ≈5000,5000.2343,0.5,angular,513,0.013678,0.013669,1.000672
cero γ≈5000,5000.2343,0.5,angular,514,0.013821,0.013678,1.010449
cero γ≈5000,5000.2343,0.5,angular,515,0.013683,0.013821,0.990053
cero γ≈5000,5000.2343,0.5,angular,516,0.013689,0.013683,1.000420
cero γ≈5000,5000.2343,0.5,angular,517,0.013698,0.013689,1.000649
cero γ≈5000,5000.2343,0.5,angular,518,0.013710,0.013698,1.000894
cero γ≈5000,5000.2343,0.5,angular,519,0.013841,0.013710,1.009532
cero γ≈5000,5000.2343,0.5,angular,520,0.013711,0.013841,0.990588
cero γ≈5000,5000.2343,0.5,angular,521,0.013721,0.013711,1.000712
cero γ≈5000,5000.2343,0.5,angular,522,0.013867,0.013721,1.010669
cero γ≈5000,5000.2343,0.5,angular,523,0.013726,0.013867,0.989875
cero γ≈5000,5000.2343,0.5,angular,524,0.013734,0.013726,1.000523
cero γ≈5000,5000.2343,0.5,angular,525,0.013746,0.013734,1.000925
cero γ≈5000,5000.2343,0.5,angular,526,0.013884,0.013746,1.010038
cero γ≈5000,5000.2343,0.5,angular,527,0.013749,0.013884,0.990234
cero γ≈5000,5000.2343,0.5,angular,528,0.013760,0.013749,1.000848
cero γ≈5000,5000.2343,0.5,angular,529,0.013904,0.013760,1.010464
cero γ≈5000,5000.2343,0.5,angular,530,0.013765,0.013904,0.989962
cero γ≈5000,5000.2343,0.5,angular,531,0.013776,0.013765,1.000839
cero γ≈5000,5000.2343,0.5,angular,532,0.013922,0.013776,1.010568
cero γ≈5000,5000.2343,0.5,angular,533,0.013781,0.013922,0.989903
cero γ≈5000,5000.2343,0.5,angular,534,0.013794,0.013781,1.000935
cero γ≈5000,5000.2343,0.5,angular,535,0.013937,0.013794,1.010379
cero γ≈5000,5000.2343,0.5,angular,536,0.013799,0.013937,0.990048
cero γ≈5000,5000.2343,0.5,angular,537,0.013815,0.013799,1.001169
cero γ≈5000,5000.2343,0.5,angular,538,0.013950,0.013815,1.009788
cero γ≈5000,5000.2343,0.5,angular,539,0.013818,0.013950,0.990538
cero γ≈5000,5000.2343,0.5,angular,540,0.013970,0.013818,1.010987
cero γ≈5000,5000.2343,0.5,angular,541,0.013826,0.013970,0.989677
cero γ≈5000,5000.2343,0.5,angular,542,0.013842,0.013826,1.001157
cero γ≈5000,5000.2343,0.5,angular,543,0.013980,0.013842,1.009995
cero γ≈5000,5000.2343,0.5,angular,544,0.013847,0.013980,0.990481
cero γ≈5000,5000.2343,0.5,angular,545,0.013998,0.013847,1.010871
cero γ≈5000,5000.2343,0.5,angular,546,0.013855,0.013998,0.989813
cero γ≈5000,5000.2343,0.5,angular,547,0.014012,0.013855,1.011336
cero γ≈5000,5000.2343,0.5,angular,548,0.013865,0.014012,0.989494
cero γ≈5000,5000.2343,0.5,angular,549,0.013883,0.013865,1.001333
cero γ≈5000,5000.2343,0.5,angular,550,0.014018,0.013883,1.009737
cero γ≈5000,5000.2343,0.5,angular,551,0.013891,0.014018,0.990940
cero γ≈5000,5000.2343,0.5,angular,552,0.014033,0.013891,1.010194
cero γ≈5000,5000.2343,0.5,angular,553,0.013901,0.014033,0.990592
cero γ≈5000,5000.2343,0.5,angular,554,0.014046,0.013901,1.010447
cero γ≈5000,5000.2343,0.5,angular,555,0.013912,0.014046,0.990429
cero γ≈5000,5000.2343,0.5,angular,556,0.014058,0.013912,1.010536
cero γ≈5000,5000.2343,0.5,angular,557,0.013924,0.014058,0.990422
cero γ≈5000,5000.2343,0.5,angular,558,0.014070,0.013924,1.010474
cero γ≈5000,5000.2343,0.5,angular,559,0.013937,0.014070,0.990572
cero γ≈5000,5000.2343,0.5,angular,560,0.014080,0.013937,1.010249
cero γ≈5000,5000.2343,0.5,angular,561,0.013952,0.014080,0.990910
cero γ≈5000,5000.2343,0.5,angular,562,0.014089,0.013952,1.009819
cero γ≈5000,5000.2343,0.5,angular,563,0.014106,0.014089,1.001252
cero γ≈5000,5000.2343,0.5,angular,564,0.013957,0.014106,0.989395
cero γ≈5000,5000.2343,0.5,angular,565,0.014117,0.013957,1.011456
cero γ≈5000,5000.2343,0.5,angular,566,0.013972,0.014117,0.989725
cero γ≈5000,5000.2343,0.5,angular,567,0.014125,0.013972,1.011004
cero γ≈5000,5000.2343,0.5,angular,568,0.013990,0.014125,0.990420
cero γ≈5000,5000.2343,0.5,angular,569,0.014132,0.013990,1.010139
cero γ≈5000,5000.2343,0.5,angular,570,0.014148,0.014132,1.001109
cero γ≈5000,5000.2343,0.5,angular,571,0.014000,0.014148,0.989534
cero γ≈5000,5000.2343,0.5,angular,572,0.014156,0.014000,1.011162
cero γ≈5000,5000.2343,0.5,angular,573,0.014021,0.014156,0.990491
cero γ≈5000,5000.2343,0.5,angular,574,0.014161,0.014021,1.009937
cero γ≈5000,5000.2343,0.5,angular,575,0.014176,0.014161,1.001113
cero γ≈5000,5000.2343,0.5,angular,576,0.014034,0.014176,0.989960
cero γ≈5000,5000.2343,0.5,angular,577,0.014182,0.014034,1.010528
cero γ≈5000,5000.2343,0.5,angular,578,0.014195,0.014182,1.000946
cero γ≈5000,5000.2343,0.5,angular,579,0.014050,0.014195,0.989792
cero γ≈5000,5000.2343,0.5,angular,580,0.014201,0.014050,1.010708
cero γ≈5000,5000.2343,0.5,angular,581,0.014213,0.014201,1.000879
cero γ≈5000,5000.2343,0.5,angular,582,0.014069,0.014213,0.989887
cero γ≈5000,5000.2343,0.5,angular,583,0.014218,0.014069,1.010552
cero γ≈5000,5000.2343,0.5,angular,584,0.014230,0.014218,1.000884
cero γ≈5000,5000.2343,0.5,angular,585,0.014239,0.014230,1.000567
cero γ≈5000,5000.2343,0.5,angular,586,0.014086,0.014239,0.989312
cero γ≈5000,5000.2343,0.5,angular,587,0.014247,0.014086,1.011376
cero γ≈5000,5000.2343,0.5,angular,588,0.014256,0.014247,1.000675
cero γ≈5000,5000.2343,0.5,angular,589,0.014111,0.014256,0.989798
cero γ≈5000,5000.2343,0.5,angular,590,0.014261,0.014111,1.010638
cero γ≈5000,5000.2343,0.5,angular,591,0.014272,0.014261,1.000788
cero γ≈5000,5000.2343,0.5,angular,592,0.014281,0.014272,1.000602
cero γ≈5000,5000.2343,0.5,angular,593,0.014135,0.014281,0.989818
cero γ≈5000,5000.2343,0.5,angular,594,0.014285,0.014135,1.010614
cero γ≈5000,5000.2343,0.5,angular,595,0.014296,0.014285,1.000739
cero γ≈5000,5000.2343,0.5,angular,596,0.014305,0.014296,1.000608
cero γ≈5000,5000.2343,0.5,angular,597,0.014312,0.014305,1.000492
cero γ≈5000,5000.2343,0.5,angular,598,0.014162,0.014312,0.989550
cero γ≈5000,5000.2343,0.5,angular,599,0.014318,0.014162,1.011008
cero γ≈5000,5000.2343,0.5,angular,600,0.014327,0.014318,1.000642
cero γ≈5000,5000.2343,0.5,angular,601,0.014335,0.014327,1.000561
cero γ≈5000,5000.2343,0.5,angular,602,0.014342,0.014335,1.000492
cero γ≈5000,5000.2343,0.5,angular,603,0.014349,0.014342,1.000437
cero γ≈5000,5000.2343,0.5,angular,604,0.014197,0.014349,0.989416
cero γ≈5000,5000.2343,0.5,angular,605,0.014356,0.014197,1.011248
cero γ≈5000,5000.2343,0.5,angular,606,0.014364,0.014356,1.000564
cero γ≈5000,5000.2343,0.5,angular,607,0.014372,0.014364,1.000522
cero γ≈5000,5000.2343,0.5,angular,608,0.014379,0.014372,1.000488
cero γ≈5000,5000.2343,0.5,angular,609,0.014386,0.014379,1.000462
cero γ≈5000,5000.2343,0.5,angular,610,0.014392,0.014386,1.000442
cero γ≈5000,5000.2343,0.5,angular,611,0.014244,0.014392,0.989749
cero γ≈5000,5000.2343,0.5,angular,612,0.014400,0.014244,1.010893
cero γ≈5000,5000.2343,0.5,angular,613,0.014407,0.014400,1.000517
cero γ≈5000,5000.2343,0.5,angular,614,0.014414,0.014407,1.000498
cero γ≈5000,5000.2343,0.5,angular,615,0.014421,0.014414,1.000483
cero γ≈5000,5000.2343,0.5,angular,616,0.014428,0.014421,1.000470
cero γ≈5000,5000.2343,0.5,angular,617,0.014435,0.014428,1.000461
cero γ≈5000,5000.2343,0.5,angular,618,0.014441,0.014435,1.000454
cero γ≈5000,5000.2343,0.5,angular,619,0.014448,0.014441,1.000448
cero γ≈5000,5000.2343,0.5,angular,620,0.014454,0.014448,1.000444
cero γ≈5000,5000.2343,0.5,angular,621,0.014460,0.014454,1.000442
cero γ≈5000,5000.2343,0.5,angular,622,0.014467,0.014460,1.000440
cero γ≈5000,5000.2343,0.5,angular,623,0.014473,0.014467,1.000439
cero γ≈5000,5000.2343,0.5,angular,624,0.014479,0.014473,1.000438
cero γ≈5000,5000.2343,0.5,angular,625,0.014486,0.014479,1.000437
cero γ≈5000,5000.2343,0.5,angular,626,0.014492,0.014486,1.000437
cero γ≈5000,5000.2343,0.5,angular,627,0.014498,0.014492,1.000437
cero γ≈5000,5000.2343,0.5,angular,628,0.014505,0.014498,1.000438
cero γ≈5000,5000.2343,0.5,angular,629,0.014511,0.014505,1.000438
cero γ≈5000,5000.2343,0.5,angular,630,0.014518,0.014511,1.000440
cero γ≈5000,5000.2343,0.5,angular,631,0.014524,0.014518,1.000443
cero γ≈5000,5000.2343,0.5,angular,632,0.014530,0.014524,1.000447
cero γ≈5000,5000.2343,0.5,angular,633,0.014537,0.014530,1.000452
cero γ≈5000,5000.2343,0.5,angular,634,0.014544,0.014537,1.000460
cero γ≈5000,5000.2343,0.5,angular,635,0.014551,0.014544,1.000470
cero γ≈5000,5000.2343,0.5,angular,636,0.014558,0.014551,1.000483
cero γ≈5000,5000.2343,0.5,angular,637,0.014565,0.014558,1.000500
cero γ≈5000,5000.2343,0.5,angular,638,0.014683,0.014565,1.008104
cero γ≈5000,5000.2343,0.5,angular,639,0.014575,0.014683,0.992671
cero γ≈5000,5000.2343,0.5,angular,640,0.014582,0.014575,1.000430
cero γ≈5000,5000.2343,0.5,angular,641,0.014588,0.014582,1.000446
cero γ≈5000,5000.2343,0.5,angular,642,0.014595,0.014588,1.000469
cero γ≈5000,5000.2343,0.5,angular,643,0.014602,0.014595,1.000499
cero γ≈5000,5000.2343,0.5,angular,644,0.014610,0.014602,1.000536
cero γ≈5000,5000.2343,0.5,angular,645,0.014618,0.014610,1.000579
cero γ≈5000,5000.2343,0.5,angular,646,0.014735,0.014618,1.007950
cero γ≈5000,5000.2343,0.5,angular,647,0.014627,0.014735,0.992674
cero γ≈5000,5000.2343,0.5,angular,648,0.014634,0.014627,1.000470
cero γ≈5000,5000.2343,0.5,angular,649,0.014641,0.014634,1.000532
cero γ≈5000,5000.2343,0.5,angular,650,0.014650,0.014641,1.000604
cero γ≈5000,5000.2343,0.5,angular,651,0.014771,0.014650,1.008274
cero γ≈5000,5000.2343,0.5,angular,652,0.014659,0.014771,0.992403
cero γ≈5000,5000.2343,0.5,angular,653,0.014666,0.014659,1.000476
cero γ≈5000,5000.2343,0.5,angular,654,0.014675,0.014666,1.000580
cero γ≈5000,5000.2343,0.5,angular,655,0.014685,0.014675,1.000698
cero γ≈5000,5000.2343,0.5,angular,656,0.014802,0.014685,1.007968
cero γ≈5000,5000.2343,0.5,angular,657,0.014692,0.014802,0.992579
cero γ≈5000,5000.2343,0.5,angular,658,0.014701,0.014692,1.000592
cero γ≈5000,5000.2343,0.5,angular,659,0.014712,0.014701,1.000758
cero γ≈5000,5000.2343,0.5,angular,660,0.014828,0.014712,1.007915
cero γ≈5000,5000.2343,0.5,angular,661,0.014719,0.014828,0.992607
cero γ≈5000,5000.2343,0.5,angular,662,0.014729,0.014719,1.000686
cero γ≈5000,5000.2343,0.5,angular,663,0.014853,0.014729,1.008454
cero γ≈5000,5000.2343,0.5,angular,664,0.014738,0.014853,0.992232
cero γ≈5000,5000.2343,0.5,angular,665,0.014747,0.014738,1.000633
cero γ≈5000,5000.2343,0.5,angular,666,0.014875,0.014747,1.008687
cero γ≈5000,5000.2343,0.5,angular,667,0.014758,0.014875,0.992089
cero γ≈5000,5000.2343,0.5,angular,668,0.014767,0.014758,1.000625
cero γ≈5000,5000.2343,0.5,angular,669,0.014896,0.014767,1.008739
cero γ≈5000,5000.2343,0.5,angular,670,0.014778,0.014896,0.992056
cero γ≈5000,5000.2343,0.5,angular,671,0.014788,0.014778,1.000688
cero γ≈5000,5000.2343,0.5,angular,672,0.014915,0.014788,1.008622
cero γ≈5000,5000.2343,0.5,angular,673,0.014798,0.014915,0.992135
cero γ≈5000,5000.2343,0.5,angular,674,0.014811,0.014798,1.000850
cero γ≈5000,5000.2343,0.5,angular,675,0.014933,0.014811,1.008238
cero γ≈5000,5000.2343,0.5,angular,676,0.014820,0.014933,0.992451
cero γ≈5000,5000.2343,0.5,angular,677,0.014951,0.014820,1.008839
cero γ≈5000,5000.2343,0.5,angular,678,0.014831,0.014951,0.992010
cero γ≈5000,5000.2343,0.5,angular,679,0.014845,0.014831,1.000935
cero γ≈5000,5000.2343,0.5,angular,680,0.014966,0.014845,1.008112
cero γ≈5000,5000.2343,0.5,angular,681,0.014856,0.014966,0.992642
cero γ≈5000,5000.2343,0.5,angular,682,0.014983,0.014856,1.008564
cero γ≈5000,5000.2343,0.5,angular,683,0.014867,0.014983,0.992284
cero γ≈5000,5000.2343,0.5,angular,684,0.014998,0.014867,1.008827
cero γ≈5000,5000.2343,0.5,angular,685,0.014880,0.014998,0.992084
cero γ≈5000,5000.2343,0.5,angular,686,0.015013,0.014880,1.008968
cero γ≈5000,5000.2343,0.5,angular,687,0.014893,0.015013,0.991985
cero γ≈5000,5000.2343,0.5,angular,688,0.015027,0.014893,1.009032
cero γ≈5000,5000.2343,0.5,angular,689,0.014906,0.015027,0.991950
cero γ≈5000,5000.2343,0.5,angular,690,0.015041,0.014906,1.009041
cero γ≈5000,5000.2343,0.5,angular,691,0.014920,0.015041,0.991970
cero γ≈5000,5000.2343,0.5,angular,692,0.015055,0.014920,1.008993
cero γ≈5000,5000.2343,0.5,angular,693,0.014935,0.015055,0.992059
cero γ≈5000,5000.2343,0.5,angular,694,0.015067,0.014935,1.008864
cero γ≈5000,5000.2343,0.5,angular,695,0.014951,0.015067,0.992256
cero γ≈5000,5000.2343,0.5,angular,696,0.015079,0.014951,1.008608
cero γ≈5000,5000.2343,0.5,angular,697,0.014968,0.015079,0.992623
cero γ≈5000,5000.2343,0.5,angular,698,0.015090,0.014968,1.008158
cero γ≈5000,5000.2343,0.5,angular,699,0.015105,0.015090,1.000945
cero γ≈5000,5000.2343,0.5,angular,700,0.014983,0.015105,0.991929
cero γ≈5000,5000.2343,0.5,angular,701,0.015116,0.014983,1.008921
cero γ≈5000,5000.2343,0.5,angular,702,0.015002,0.015116,0.992419
cero γ≈5000,5000.2343,0.5,angular,703,0.015126,0.015002,1.008294
cero γ≈5000,5000.2343,0.5,angular,704,0.015139,0.015126,1.000874
cero γ≈5000,5000.2343,0.5,angular,705,0.015019,0.015139,0.992055
cero γ≈5000,5000.2343,0.5,angular,706,0.015150,0.015019,1.008699
cero γ≈5000,5000.2343,0.5,angular,707,0.015161,0.015150,1.000751
cero γ≈5000,5000.2343,0.5,angular,708,0.015039,0.015161,0.991936
cero γ≈5000,5000.2343,0.5,angular,709,0.015172,0.015039,1.008830
cero γ≈5000,5000.2343,0.5,angular,710,0.015182,0.015172,1.000704
cero γ≈5000,5000.2343,0.5,angular,711,0.015060,0.015182,0.991970
cero γ≈5000,5000.2343,0.5,angular,712,0.015192,0.015060,1.008761
cero γ≈5000,5000.2343,0.5,angular,713,0.015203,0.015192,1.000708
cero γ≈5000,5000.2343,0.5,angular,714,0.015084,0.015203,0.992192
cero γ≈5000,5000.2343,0.5,angular,715,0.015212,0.015084,1.008450
cero γ≈5000,5000.2343,0.5,angular,716,0.015223,0.015212,1.000739
cero γ≈5000,5000.2343,0.5,angular,717,0.015232,0.015223,1.000597
cero γ≈5000,5000.2343,0.5,angular,718,0.015110,0.015232,0.991990
cero γ≈5000,5000.2343,0.5,angular,719,0.015242,0.015110,1.008708
cero γ≈5000,5000.2343,0.5,angular,720,0.015252,0.015242,1.000668
cero γ≈5000,5000.2343,0.5,angular,721,0.015261,0.015252,1.000570
cero γ≈5000,5000.2343,0.5,angular,722,0.015140,0.015261,0.992109
cero γ≈5000,5000.2343,0.5,angular,723,0.015270,0.015140,1.008551
cero γ≈5000,5000.2343,0.5,angular,724,0.015280,0.015270,1.000648
cero γ≈5000,5000.2343,0.5,angular,725,0.015288,0.015280,1.000582
cero γ≈5000,5000.2343,0.5,angular,726,0.015297,0.015288,1.000527
cero γ≈5000,5000.2343,0.5,angular,727,0.015176,0.015297,0.992136
cero γ≈5000,5000.2343,0.5,angular,728,0.015306,0.015176,1.008541
cero γ≈5000,5000.2343,0.5,angular,729,0.015315,0.015306,1.000601
cero γ≈5000,5000.2343,0.5,angular,730,0.015324,0.015315,1.000563
cero γ≈5000,5000.2343,0.5,angular,731,0.015332,0.015324,1.000531
cero γ≈5000,5000.2343,0.5,angular,732,0.015340,0.015332,1.000506
cero γ≈5000,5000.2343,0.5,angular,733,0.015347,0.015340,1.000488
cero γ≈5000,5000.2343,0.5,angular,734,0.015226,0.015347,0.992086
cero γ≈5000,5000.2343,0.5,angular,735,0.015358,0.015226,1.008669
cero γ≈5000,5000.2343,0.5,angular,736,0.015366,0.015358,1.000539
cero γ≈5000,5000.2343,0.5,angular,737,0.015374,0.015366,1.000522
cero γ≈5000,5000.2343,0.5,angular,738,0.015382,0.015374,1.000510
cero γ≈5000,5000.2343,0.5,angular,739,0.015389,0.015382,1.000499
cero γ≈5000,5000.2343,0.5,angular,740,0.015397,0.015389,1.000492
cero γ≈5000,5000.2343,0.5,angular,741,0.015404,0.015397,1.000486
cero γ≈5000,5000.2343,0.5,angular,742,0.015412,0.015404,1.000482
cero γ≈5000,5000.2343,0.5,angular,743,0.015419,0.015412,1.000479
cero γ≈5000,5000.2343,0.5,angular,744,0.015427,0.015419,1.000477
cero γ≈5000,5000.2343,0.5,angular,745,0.015434,0.015427,1.000476
cero γ≈5000,5000.2343,0.5,angular,746,0.015441,0.015434,1.000475
cero γ≈5000,5000.2343,0.5,angular,747,0.015449,0.015441,1.000474
cero γ≈5000,5000.2343,0.5,angular,748,0.015456,0.015449,1.000474
cero γ≈5000,5000.2343,0.5,angular,749,0.015463,0.015456,1.000473
cero γ≈5000,5000.2343,0.5,angular,750,0.015471,0.015463,1.000473
cero γ≈5000,5000.2343,0.5,angular,751,0.015478,0.015471,1.000473
cero γ≈5000,5000.2343,0.5,angular,752,0.015485,0.015478,1.000474
cero γ≈5000,5000.2343,0.5,angular,753,0.015493,0.015485,1.000475
cero γ≈5000,5000.2343,0.5,angular,754,0.015500,0.015493,1.000478
cero γ≈5000,5000.2343,0.5,angular,755,0.015507,0.015500,1.000481
cero γ≈5000,5000.2343,0.5,angular,756,0.015515,0.015507,1.000486
cero γ≈5000,5000.2343,0.5,angular,757,0.015523,0.015515,1.000493
cero γ≈5000,5000.2343,0.5,angular,758,0.015530,0.015523,1.000503
cero γ≈5000,5000.2343,0.5,angular,759,0.015538,0.015530,1.000515
cero γ≈5000,5000.2343,0.5,angular,760,0.015645,0.015538,1.006874
cero γ≈5000,5000.2343,0.5,angular,761,0.015552,0.015645,0.994030
cero γ≈5000,5000.2343,0.5,angular,762,0.015559,0.015552,1.000468
cero γ≈5000,5000.2343,0.5,angular,763,0.015567,0.015559,1.000481
cero γ≈5000,5000.2343,0.5,angular,764,0.015574,0.015567,1.000500
cero γ≈5000,5000.2343,0.5,angular,765,0.015583,0.015574,1.000526
cero γ≈5000,5000.2343,0.5,angular,766,0.015591,0.015583,1.000557
cero γ≈5000,5000.2343,0.5,angular,767,0.015699,0.015591,1.006892
cero γ≈5000,5000.2343,0.5,angular,768,0.015604,0.015699,0.993952
cero γ≈5000,5000.2343,0.5,angular,769,0.015611,0.015604,1.000486
cero γ≈5000,5000.2343,0.5,angular,770,0.015620,0.015611,1.000532
cero γ≈5000,5000.2343,0.5,angular,771,0.015629,0.015620,1.000587
cero γ≈5000,5000.2343,0.5,angular,772,0.015737,0.015629,1.006947
cero γ≈5000,5000.2343,0.5,angular,773,0.015641,0.015737,0.993882
cero γ≈5000,5000.2343,0.5,angular,774,0.015649,0.015641,1.000513
cero γ≈5000,5000.2343,0.5,angular,775,0.015658,0.015649,1.000596
cero γ≈5000,5000.2343,0.5,angular,776,0.015769,0.015658,1.007063
cero γ≈5000,5000.2343,0.5,angular,777,0.015671,0.015769,0.993791
cero γ≈5000,5000.2343,0.5,angular,778,0.015679,0.015671,1.000532
cero γ≈5000,5000.2343,0.5,angular,779,0.015690,0.015679,1.000653
cero γ≈5000,5000.2343,0.5,angular,780,0.015798,0.015690,1.006909
cero γ≈5000,5000.2343,0.5,angular,781,0.015702,0.015798,0.993885
cero γ≈5000,5000.2343,0.5,angular,782,0.015711,0.015702,1.000629
cero γ≈5000,5000.2343,0.5,angular,783,0.015823,0.015711,1.007094
cero γ≈5000,5000.2343,0.5,angular,784,0.015724,0.015823,0.993757
cero γ≈5000,5000.2343,0.5,angular,785,0.015734,0.015724,1.000636
cero γ≈5000,5000.2343,0.5,angular,786,0.015846,0.015734,1.007119
cero γ≈5000,5000.2343,0.5,angular,787,0.015747,0.015846,0.993743
cero γ≈5000,5000.2343,0.5,angular,788,0.015758,0.015747,1.000695
cero γ≈5000,5000.2343,0.5,angular,789,0.015868,0.015758,1.006985
cero γ≈5000,5000.2343,0.5,angular,790,0.015770,0.015868,0.993855
cero γ≈5000,5000.2343,0.5,angular,791,0.015784,0.015770,1.000829
cero γ≈5000,5000.2343,0.5,angular,792,0.015888,0.015784,1.006604
cero γ≈5000,5000.2343,0.5,angular,793,0.015796,0.015888,0.994205
cero γ≈5000,5000.2343,0.5,angular,794,0.015907,0.015796,1.007055
cero γ≈5000,5000.2343,0.5,angular,795,0.015809,0.015907,0.993841
cero γ≈5000,5000.2343,0.5,angular,796,0.015925,0.015809,1.007311
cero γ≈5000,5000.2343,0.5,angular,797,0.015824,0.015925,0.993645
cero γ≈5000,5000.2343,0.5,angular,798,0.015941,0.015824,1.007442
cero γ≈5000,5000.2343,0.5,angular,799,0.015839,0.015941,0.993551
cero γ≈5000,5000.2343,0.5,angular,800,0.015852,0.015839,1.000867
cero γ≈5000,5000.2343,0.5,angular,801,0.015959,0.015852,1.006714
cero γ≈5000,5000.2343,0.5,angular,802,0.015867,0.015959,0.994279
cero γ≈5000,5000.2343,0.5,angular,803,0.015975,0.015867,1.006762
cero γ≈5000,5000.2343,0.5,angular,804,0.015883,0.015975,0.994283
cero γ≈5000,5000.2343,0.5,angular,805,0.015990,0.015883,1.006710
cero γ≈5000,5000.2343,0.5,angular,806,0.016004,0.015990,1.000891
cero γ≈5000,5000.2343,0.5,angular,807,0.015901,0.016004,0.993526
cero γ≈5000,5000.2343,0.5,angular,808,0.016019,0.015901,1.007465
cero γ≈5000,5000.2343,0.5,angular,809,0.015917,0.016019,0.993624
cero γ≈5000,5000.2343,0.5,angular,810,0.016034,0.015917,1.007328
cero γ≈5000,5000.2343,0.5,angular,811,0.015935,0.016034,0.993841
cero γ≈5000,5000.2343,0.5,angular,812,0.016047,0.015935,1.007051
cero γ≈5000,5000.2343,0.5,angular,813,0.016059,0.016047,1.000753
cero γ≈5000,5000.2343,0.5,angular,814,0.015955,0.016059,0.993523
cero γ≈5000,5000.2343,0.5,angular,815,0.016074,0.015955,1.007407
cero γ≈5000,5000.2343,0.5,angular,816,0.015975,0.016074,0.993866
cero γ≈5000,5000.2343,0.5,angular,817,0.016086,0.015975,1.006959
cero γ≈5000,5000.2343,0.5,angular,818,0.016098,0.016086,1.000753
cero γ≈5000,5000.2343,0.5,angular,819,0.015997,0.016098,0.993728
cero γ≈5000,5000.2343,0.5,angular,820,0.016111,0.015997,1.007098
cero γ≈5000,5000.2343,0.5,angular,821,0.016122,0.016111,1.000705
cero γ≈5000,5000.2343,0.5,angular,822,0.016021,0.016122,0.993752
cero γ≈5000,5000.2343,0.5,angular,823,0.016134,0.016021,1.007047
cero γ≈5000,5000.2343,0.5,angular,824,0.016146,0.016134,1.000695
cero γ≈5000,5000.2343,0.5,angular,825,0.016155,0.016146,1.000582
cero γ≈5000,5000.2343,0.5,angular,826,0.016050,0.016155,0.993508
cero γ≈5000,5000.2343,0.5,angular,827,0.016168,0.016050,1.007358
cero γ≈5000,5000.2343,0.5,angular,828,0.016178,0.016168,1.000618
cero γ≈5000,5000.2343,0.5,angular,829,0.016079,0.016178,0.993837
cero γ≈5000,5000.2343,0.5,angular,830,0.016190,0.016079,1.006919
cero γ≈5000,5000.2343,0.5,angular,831,0.016200,0.016190,1.000653
cero γ≈5000,5000.2343,0.5,angular,832,0.016210,0.016200,1.000596
cero γ≈5000,5000.2343,0.5,angular,833,0.016219,0.016210,1.000548
cero γ≈5000,5000.2343,0.5,angular,834,0.016116,0.016219,0.993664
cero γ≈5000,5000.2343,0.5,angular,835,0.016231,0.016116,1.007145
cero γ≈5000,5000.2343,0.5,angular,836,0.016241,0.016231,1.000595
cero γ≈5000,5000.2343,0.5,angular,837,0.016250,0.016241,1.000563
cero γ≈5000,5000.2343,0.5,angular,838,0.016259,0.016250,1.000538
cero γ≈5000,5000.2343,0.5,angular,839,0.016267,0.016259,1.000519
cero γ≈5000,5000.2343,0.5,angular,840,0.016164,0.016267,0.993680
cero γ≈5000,5000.2343,0.5,angular,841,0.016280,0.016164,1.007155
cero γ≈5000,5000.2343,0.5,angular,842,0.016289,0.016280,1.000555
cero γ≈5000,5000.2343,0.5,angular,843,0.016298,0.016289,1.000540
cero γ≈5000,5000.2343,0.5,angular,844,0.016307,0.016298,1.000529
cero γ≈5000,5000.2343,0.5,angular,845,0.016315,0.016307,1.000520
cero γ≈5000,5000.2343,0.5,angular,846,0.016323,0.016315,1.000513
cero γ≈5000,5000.2343,0.5,angular,847,0.016332,0.016323,1.000508
cero γ≈5000,5000.2343,0.5,angular,848,0.016340,0.016332,1.000505
cero γ≈5000,5000.2343,0.5,angular,849,0.016348,0.016340,1.000502
cero γ≈5000,5000.2343,0.5,angular,850,0.016356,0.016348,1.000501
cero γ≈5000,5000.2343,0.5,angular,851,0.016365,0.016356,1.000500
cero γ≈5000,5000.2343,0.5,angular,852,0.016373,0.016365,1.000499
cero γ≈5000,5000.2343,0.5,angular,853,0.016381,0.016373,1.000499
instrumento σ=0,3 (misma altura),1001.3494,0.3,angular,1,0.219095,0.275975,0.793894
instrumento σ=0,3 (misma altura),1001.3494,0.3,angular,2,0.189877,0.219095,0.866639
instrumento σ=0,3 (misma altura),1001.3494,0.3,angular,3,0.169780,0.189877,0.894160
instrumento σ=0,3 (misma altura),1001.3494,0.3,angular,4,0.156788,0.169780,0.923476
instrumento σ=0,3 (misma altura),1001.3494,0.3,angular,5,0.148020,0.156788,0.944077
instrumento σ=0,3 (misma altura),1001.3494,0.3,angular,6,0.140937,0.148020,0.952150
instrumento σ=0,3 (misma altura),1001.3494,0.3,angular,7,0.134888,0.140937,0.957080
instrumento σ=0,3 (misma altura),1001.3494,0.3,angular,8,0.129348,0.134888,0.958925
instrumento σ=0,3 (misma altura),1001.3494,0.3,angular,9,0.124154,0.129348,0.959846
instrumento σ=0,3 (misma altura),1001.3494,0.3,angular,10,0.121434,0.124154,0.978090
instrumento σ=0,3 (misma altura),1001.3494,0.3,angular,11,0.117856,0.121434,0.970541
instrumento σ=0,3 (misma altura),1001.3494,0.3,angular,12,0.115149,0.117856,0.977028
instrumento σ=0,3 (misma altura),1001.3494,0.3,angular,13,0.112855,0.115149,0.980082
instrumento σ=0,3 (misma altura),1001.3494,0.3,angular,14,0.110817,0.112855,0.981934
instrumento σ=0,3 (misma altura),1001.3494,0.3,angular,15,0.108905,0.110817,0.982750
instrumento σ=0,3 (misma altura),1001.3494,0.3,angular,16,0.107003,0.108905,0.982535
instrumento σ=0,3 (misma altura),1001.3494,0.3,angular,17,0.103994,0.107003,0.971877
instrumento σ=0,3 (misma altura),1001.3494,0.3,angular,18,0.105186,0.103994,1.011463
instrumento σ=0,3 (misma altura),1001.3494,0.3,angular,19,0.103463,0.105186,0.983623
instrumento σ=0,3 (misma altura),1001.3494,0.3,angular,20,0.099914,0.103463,0.965694
instrumento σ=0,3 (misma altura),1001.3494,0.3,angular,21,0.101997,0.099914,1.020852
instrumento σ=0,3 (misma altura),1001.3494,0.3,angular,22,0.099800,0.101997,0.978460
instrumento σ=0,3 (misma altura),1001.3494,0.3,angular,23,0.098602,0.099800,0.987996
instrumento σ=0,3 (misma altura),1001.3494,0.3,angular,24,0.098170,0.098602,0.995618
instrumento σ=0,3 (misma altura),1001.3494,0.3,angular,25,0.097288,0.098170,0.991018
instrumento σ=0,3 (misma altura),1001.3494,0.3,angular,26,0.094963,0.097288,0.976095
instrumento σ=0,3 (misma altura),1001.3494,0.3,angular,27,0.097316,0.094963,1.024785
instrumento σ=0,3 (misma altura),1001.3494,0.3,angular,28,0.094482,0.097316,0.970875
instrumento σ=0,3 (misma altura),1001.3494,0.3,angular,29,0.093294,0.094482,0.987420
instrumento σ=0,3 (misma altura),1001.3494,0.3,angular,30,0.095838,0.093294,1.027278
instrumento σ=0,3 (misma altura),1001.3494,0.3,angular,31,0.093168,0.095838,0.972133
instrumento σ=0,3 (misma altura),1001.3494,0.3,angular,32,0.092182,0.093168,0.989424
instrumento σ=0,3 (misma altura),1001.3494,0.3,angular,33,0.093619,0.092182,1.015586
instrumento σ=0,3 (misma altura),1001.3494,0.3,angular,34,0.092784,0.093619,0.991084
instrumento σ=0,3 (misma altura),1001.3494,0.3,angular,35,0.091739,0.092784,0.988736
instrumento σ=0,3 (misma altura),1001.3494,0.3,angular,36,0.091052,0.091739,0.992510
instrumento σ=0,3 (misma altura),1001.3494,0.3,angular,37,0.090670,0.091052,0.995807
instrumento σ=0,3 (misma altura),1001.3494,0.3,angular,38,0.090436,0.090670,0.997417
instrumento σ=0,3 (misma altura),1001.3494,0.3,angular,39,0.091928,0.090436,1.016499
instrumento σ=0,3 (misma altura),1001.3494,0.3,angular,40,0.090742,0.091928,0.987101
instrumento σ=0,3 (misma altura),1001.3494,0.3,angular,41,0.090240,0.090742,0.994461
instrumento σ=0,3 (misma altura),1001.3494,0.3,angular,42,0.089833,0.090240,0.995497
instrumento σ=0,3 (misma altura),1001.3494,0.3,angular,43,0.089523,0.089833,0.996541
instrumento σ=0,3 (misma altura),1001.3494,0.3,angular,44,0.089287,0.089523,0.997370
instrumento σ=0,3 (misma altura),1001.3494,0.3,angular,45,0.090466,0.089287,1.013202
instrumento σ=0,3 (misma altura),1001.3494,0.3,angular,46,0.098533,0.090466,1.089173
instrumento σ=0,3 (misma altura),1001.3494,0.3,angular,47,0.096882,0.098533,0.983247
instrumento σ=0,3 (misma altura),1001.3494,0.3,angular,48,0.098698,0.096882,1.018744
instrumento σ=0,3 (misma altura),1001.3494,0.3,angular,49,0.099183,0.098698,1.004912
instrumento σ=0,3 (misma altura),1001.3494,0.3,angular,50,0.097970,0.099183,0.987763
instrumento σ=0,3 (misma altura),1001.3494,0.3,angular,51,0.099295,0.097970,1.013529
instrumento σ=0,3 (misma altura),1001.3494,0.3,angular,52,0.099739,0.099295,1.004473
instrumento σ=0,3 (misma altura),1001.3494,0.3,angular,53,0.100114,0.099739,1.003760
instrumento σ=0,3 (misma altura),1001.3494,0.3,angular,54,0.100435,0.100114,1.003209
instrumento σ=0,3 (misma altura),1001.3494,0.3,angular,55,0.099414,0.100435,0.989828
instrumento σ=0,3 (misma altura),1001.3494,0.3,angular,56,0.100653,0.099414,1.012463
instrumento σ=0,3 (misma altura),1001.3494,0.3,angular,57,0.100996,0.100653,1.003408
instrumento σ=0,3 (misma altura),1001.3494,0.3,angular,58,0.101317,0.100996,1.003185
instrumento σ=0,3 (misma altura),1001.3494,0.3,angular,59,0.101625,0.101317,1.003032
instrumento σ=0,3 (misma altura),1001.3494,0.3,angular,60,0.101924,0.101625,1.002946
instrumento σ=0,3 (misma altura),1001.3494,0.3,angular,61,0.102222,0.101924,1.002924
instrumento σ=0,3 (misma altura),1001.3494,0.3,angular,62,0.102525,0.102222,1.002960
instrumento σ=0,3 (misma altura),1001.3494,0.3,angular,63,0.102838,0.102525,1.003057
instrumento σ=0,3 (misma altura),1001.3494,0.3,angular,64,0.103169,0.102838,1.003214
instrumento σ=0,3 (misma altura),1001.3494,0.3,angular,65,0.104261,0.103169,1.010591
instrumento σ=0,3 (misma altura),1001.3494,0.3,angular,66,0.103595,0.104261,0.993615
instrumento σ=0,3 (misma altura),1001.3494,0.3,angular,67,0.103907,0.103595,1.003004
instrumento σ=0,3 (misma altura),1001.3494,0.3,angular,68,0.104262,0.103907,1.003417
instrumento σ=0,3 (misma altura),1001.3494,0.3,angular,69,0.104675,0.104262,1.003965
instrumento σ=0,3 (misma altura),1001.3494,0.3,angular,70,0.105923,0.104675,1.011923
instrumento σ=0,3 (misma altura),1001.3494,0.3,angular,71,0.105035,0.105923,0.991619
instrumento σ=0,3 (misma altura),1001.3494,0.3,angular,72,0.105485,0.105035,1.004276
instrumento σ=0,3 (misma altura),1001.3494,0.3,angular,73,0.106059,0.105485,1.005444
instrumento σ=0,3 (misma altura),1001.3494,0.3,angular,74,0.106895,0.106059,1.007882
instrumento σ=0,3 (misma altura),1001.3494,0.3,angular,75,0.106459,0.106895,0.995926
instrumento σ=0,3 (misma altura),1001.3494,0.3,angular,76,0.107843,0.106459,1.012996
instrumento σ=0,3 (misma altura),1001.3494,0.3,angular,77,0.106953,0.107843,0.991749
instrumento σ=0,3 (misma altura),1001.3494,0.3,angular,78,0.108604,0.106953,1.015436
instrumento σ=0,3 (misma altura),1001.3494,0.3,angular,79,0.107542,0.108604,0.990220
instrumento σ=0,3 (misma altura),1001.3494,0.3,angular,80,0.109260,0.107542,1.015974
instrumento σ=0,3 (misma altura),1001.3494,0.3,angular,81,0.108236,0.109260,0.990628
instrumento σ=0,3 (misma altura),1001.3494,0.3,angular,82,0.109842,0.108236,1.014845
instrumento σ=0,3 (misma altura),1001.3494,0.3,angular,83,0.109094,0.109842,0.993185
instrumento σ=0,3 (misma altura),1001.3494,0.3,angular,84,0.110358,0.109094,1.011587
instrumento σ=0,3 (misma altura),1001.3494,0.3,angular,85,0.110937,0.110358,1.005250
instrumento σ=0,3 (misma altura),1001.3494,0.3,angular,86,0.110085,0.110937,0.992315
instrumento σ=0,3 (misma altura),1001.3494,0.3,angular,87,0.111402,0.110085,1.011966
instrumento σ=0,3 (misma altura),1001.3494,0.3,angular,88,0.111905,0.111402,1.004512
instrumento σ=0,3 (misma altura),1001.3494,0.3,angular,89,0.112345,0.111905,1.003939
instrumento σ=0,3 (misma altura),1001.3494,0.3,angular,90,0.111560,0.112345,0.993008
instrumento σ=0,3 (misma altura),1001.3494,0.3,angular,91,0.112826,0.111560,1.011348
instrumento σ=0,3 (misma altura),1001.3494,0.3,angular,92,0.113258,0.112826,1.003830
instrumento σ=0,3 (misma altura),1001.3494,0.3,angular,93,0.113666,0.113258,1.003600
instrumento σ=0,3 (misma altura),1001.3494,0.3,angular,94,0.114057,0.113666,1.003440
instrumento σ=0,3 (misma altura),1001.3494,0.3,angular,95,0.114438,0.114057,1.003341
instrumento σ=0,3 (misma altura),1001.3494,0.3,angular,96,0.114815,0.114438,1.003292
instrumento σ=0,3 (misma altura),1001.3494,0.3,angular,97,0.115192,0.114815,1.003287
instrumento σ=0,3 (misma altura),1001.3494,0.3,angular,98,0.115575,0.115192,1.003326
instrumento σ=0,3 (misma altura),1001.3494,0.3,angular,99,0.115970,0.115575,1.003413
instrumento σ=0,3 (misma altura),1001.3494,0.3,angular,100,0.116382,0.115970,1.003555
instrumento σ=0,3 (misma altura),1001.3494,0.3,angular,101,0.116819,0.116382,1.003756
instrumento σ=0,3 (misma altura),1001.3494,0.3,angular,102,0.117795,0.116819,1.008359
instrumento σ=0,3 (misma altura),1001.3494,0.3,angular,103,0.117468,0.117795,0.997216
instrumento σ=0,3 (misma altura),1001.3494,0.3,angular,104,0.117929,0.117468,1.003924
instrumento σ=0,3 (misma altura),1001.3494,0.3,angular,105,0.118451,0.117929,1.004427
instrumento σ=0,3 (misma altura),1001.3494,0.3,angular,106,0.119384,0.118451,1.007881
instrumento σ=0,3 (misma altura),1001.3494,0.3,angular,107,0.119110,0.119384,0.997701
instrumento σ=0,3 (misma altura),1001.3494,0.3,angular,108,0.120451,0.119110,1.011259
instrumento σ=0,3 (misma altura),1001.3494,0.3,angular,109,0.119822,0.120451,0.994784
instrumento σ=0,3 (misma altura),1001.3494,0.3,angular,110,0.120493,0.119822,1.005596
instrumento σ=0,3 (misma altura),1001.3494,0.3,angular,111,0.121445,0.120493,1.007904
instrumento σ=0,3 (misma altura),1001.3494,0.3,angular,112,0.121344,0.121445,0.999166
instrumento σ=0,3 (misma altura),1001.3494,0.3,angular,113,0.122267,0.121344,1.007610
instrumento σ=0,3 (misma altura),1001.3494,0.3,angular,114,0.122949,0.122267,1.005573
instrumento σ=0,3 (misma altura),1001.3494,0.3,angular,115,0.122427,0.122949,0.995756
instrumento σ=0,3 (misma altura),1001.3494,0.3,angular,116,0.123670,0.122427,1.010155
instrumento σ=0,3 (misma altura),1001.3494,0.3,angular,117,0.124240,0.123670,1.004608
instrumento σ=0,3 (misma altura),1001.3494,0.3,angular,118,0.123789,0.124240,0.996369
instrumento σ=0,3 (misma altura),1001.3494,0.3,angular,119,0.124932,0.123789,1.009237
instrumento σ=0,3 (misma altura),1001.3494,0.3,angular,120,0.125455,0.124932,1.004185
instrumento σ=0,3 (misma altura),1001.3494,0.3,angular,121,0.125947,0.125455,1.003919
instrumento σ=0,3 (misma altura),1001.3494,0.3,angular,122,0.126417,0.125947,1.003731
instrumento σ=0,3 (misma altura),1001.3494,0.3,angular,123,0.126873,0.126417,1.003608
instrumento σ=0,3 (misma altura),1001.3494,0.3,angular,124,0.127321,0.126873,1.003533
instrumento σ=0,3 (misma altura),1001.3494,0.3,angular,125,0.127766,0.127321,1.003493
instrumento σ=0,3 (misma altura),1001.3494,0.3,angular,126,0.128211,0.127766,1.003481
instrumento σ=0,3 (misma altura),1001.3494,0.3,angular,127,0.128659,0.128211,1.003497
instrumento σ=0,3 (misma altura),1001.3494,0.3,angular,128,0.129116,0.128659,1.003548
instrumento σ=0,3 (misma altura),1001.3494,0.3,angular,129,0.129586,0.129116,1.003644
instrumento σ=0,3 (misma altura),1001.3494,0.3,angular,130,0.130078,0.129586,1.003798
instrumento σ=0,3 (misma altura),1001.3494,0.3,angular,131,0.130601,0.130078,1.004016
instrumento σ=0,3 (misma altura),1001.3494,0.3,angular,132,0.131588,0.130601,1.007556
instrumento σ=0,3 (misma altura),1001.3494,0.3,angular,133,0.131458,0.131588,0.999016
instrumento σ=0,3 (misma altura),1001.3494,0.3,angular,134,0.132037,0.131458,1.004400
instrumento σ=0,3 (misma altura),1001.3494,0.3,angular,135,0.133060,0.132037,1.007751
instrumento σ=0,3 (misma altura),1001.3494,0.3,angular,136,0.132937,0.133060,0.999075
instrumento σ=0,3 (misma altura),1001.3494,0.3,angular,137,0.134128,0.132937,1.008961
instrumento σ=0,3 (misma altura),1001.3494,0.3,angular,138,0.133893,0.134128,0.998251
instrumento σ=0,3 (misma altura),1001.3494,0.3,angular,139,0.135107,0.133893,1.009065
instrumento σ=0,3 (misma altura),1001.3494,0.3,angular,140,0.134939,0.135107,0.998755
instrumento σ=0,3 (misma altura),1001.3494,0.3,angular,141,0.136032,0.134939,1.008101
instrumento σ=0,3 (misma altura),1001.3494,0.3,angular,142,0.136668,0.136032,1.004678
instrumento σ=0,3 (misma altura),1001.3494,0.3,angular,143,0.136437,0.136668,0.998310
instrumento σ=0,3 (misma altura),1001.3494,0.3,angular,144,0.137550,0.136437,1.008153
instrumento σ=0,3 (misma altura),1001.3494,0.3,angular,145,0.138132,0.137550,1.004234
instrumento σ=0,3 (misma altura),1001.3494,0.3,angular,146,0.138687,0.138132,1.004018
instrumento σ=0,3 (misma altura),1001.3494,0.3,angular,147,0.139224,0.138687,1.003869
instrumento σ=0,3 (misma altura),1001.3494,0.3,angular,148,0.139749,0.139224,1.003771
instrumento σ=0,3 (misma altura),1001.3494,0.3,angular,149,0.140268,0.139749,1.003712
instrumento σ=0,3 (misma altura),1001.3494,0.3,angular,150,0.140784,0.140268,1.003682
instrumento σ=0,3 (misma altura),1001.3494,0.3,angular,151,0.141302,0.140784,1.003677
instrumento σ=0,3 (misma altura),1001.3494,0.3,angular,152,0.141825,0.141302,1.003701
instrumento σ=0,3 (misma altura),1001.3494,0.3,angular,153,0.142358,0.141825,1.003760
instrumento σ=0,3 (misma altura),1001.3494,0.3,angular,154,0.142908,0.142358,1.003866
instrumento σ=0,3 (misma altura),1001.3494,0.3,angular,155,0.143484,0.142908,1.004027
instrumento σ=0,3 (misma altura),1001.3494,0.3,angular,156,0.144527,0.143484,1.007270
instrumento σ=0,3 (misma altura),1001.3494,0.3,angular,157,0.144517,0.144527,0.999932
instrumento σ=0,3 (misma altura),1001.3494,0.3,angular,158,0.145147,0.144517,1.004360
instrumento σ=0,3 (misma altura),1001.3494,0.3,angular,159,0.146160,0.145147,1.006978
instrumento σ=0,3 (misma altura),1001.3494,0.3,angular,160,0.146231,0.146160,1.000486
instrumento σ=0,3 (misma altura),1001.3494,0.3,angular,161,0.147314,0.146231,1.007407
instrumento σ=0,3 (misma altura),1001.3494,0.3,angular,162,0.147380,0.147314,1.000445
instrumento σ=0,3 (misma altura),1001.3494,0.3,angular,163,0.148407,0.147380,1.006967
instrumento σ=0,3 (misma altura),1001.3494,0.3,angular,164,0.149096,0.148407,1.004647
instrumento σ=0,3 (misma altura),1001.3494,0.3,angular,165,0.149069,0.149096,0.999815
instrumento σ=0,3 (misma altura),1001.3494,0.3,angular,166,0.150139,0.149069,1.007180
instrumento σ=0,3 (misma altura),1001.3494,0.3,angular,167,0.150776,0.150139,1.004244
instrumento σ=0,3 (misma altura),1001.3494,0.3,angular,168,0.151391,0.150776,1.004077
instrumento σ=0,3 (misma altura),1001.3494,0.3,angular,169,0.151991,0.151391,1.003962
instrumento σ=0,3 (misma altura),1001.3494,0.3,angular,170,0.152582,0.151991,1.003888
instrumento σ=0,7 (misma altura),1001.3494,0.7,angular,1,0.026190,0.033107,0.791094
instrumento σ=0,7 (misma altura),1001.3494,0.7,angular,2,0.022425,0.026190,0.856225
instrumento σ=0,7 (misma altura),1001.3494,0.7,angular,3,0.020181,0.022425,0.899956
instrumento σ=0,7 (misma altura),1001.3494,0.7,angular,4,0.018545,0.020181,0.918897
instrumento σ=0,7 (misma altura),1001.3494,0.7,angular,5,0.017243,0.018545,0.929824
instrumento σ=0,7 (misma altura),1001.3494,0.7,angular,6,0.016257,0.017243,0.942811
instrumento σ=0,7 (misma altura),1001.3494,0.7,angular,7,0.015404,0.016257,0.947547
instrumento σ=0,7 (misma altura),1001.3494,0.7,angular,8,0.014825,0.015404,0.962383
instrumento σ=0,7 (misma altura),1001.3494,0.7,angular,9,0.014195,0.014825,0.957482
instrumento σ=0,7 (misma altura),1001.3494,0.7,angular,10,0.013753,0.014195,0.968907
instrumento σ=0,7 (misma altura),1001.3494,0.7,angular,11,0.013337,0.013753,0.969745
instrumento σ=0,7 (misma altura),1001.3494,0.7,angular,12,0.012972,0.013337,0.972613
instrumento σ=0,7 (misma altura),1001.3494,0.7,angular,13,0.012647,0.012972,0.974957
instrumento σ=0,7 (misma altura),1001.3494,0.7,angular,14,0.012352,0.012647,0.976642
instrumento σ=0,7 (misma altura),1001.3494,0.7,angular,15,0.012077,0.012352,0.977739
instrumento σ=0,7 (misma altura),1001.3494,0.7,angular,16,0.011814,0.012077,0.978259
instrumento σ=0,7 (misma altura),1001.3494,0.7,angular,17,0.011558,0.011814,0.978348
instrumento σ=0,7 (misma altura),1001.3494,0.7,angular,18,0.011403,0.011558,0.986602
instrumento σ=0,7 (misma altura),1001.3494,0.7,angular,19,0.011250,0.011403,0.986560
instrumento σ=0,7 (misma altura),1001.3494,0.7,angular,20,0.011004,0.011250,0.978096
instrumento σ=0,7 (misma altura),1001.3494,0.7,angular,21,0.010901,0.011004,0.990679
instrumento σ=0,7 (misma altura),1001.3494,0.7,angular,22,0.010736,0.010901,0.984870
instrumento σ=0,7 (misma altura),1001.3494,0.7,angular,23,0.010588,0.010736,0.986159
instrumento σ=0,7 (misma altura),1001.3494,0.7,angular,24,0.010476,0.010588,0.989486
instrumento σ=0,7 (misma altura),1001.3494,0.7,angular,25,0.010354,0.010476,0.988336
instrumento σ=0,7 (misma altura),1001.3494,0.7,angular,26,0.010207,0.010354,0.985773
instrumento σ=0,7 (misma altura),1001.3494,0.7,angular,27,0.010179,0.010207,0.997262
instrumento σ=0,7 (misma altura),1001.3494,0.7,angular,28,0.009994,0.010179,0.981823
instrumento σ=0,7 (misma altura),1001.3494,0.7,angular,29,0.009942,0.009994,0.994777
instrumento σ=0,7 (misma altura),1001.3494,0.7,angular,30,0.009886,0.009942,0.994369
instrumento σ=0,7 (misma altura),1001.3494,0.7,angular,31,0.009743,0.009886,0.985591
instrumento σ=0,7 (misma altura),1001.3494,0.7,angular,32,0.009639,0.009743,0.989310
instrumento σ=0,7 (misma altura),1001.3494,0.7,angular,33,0.009666,0.009639,1.002798
instrumento σ=0,7 (misma altura),1001.3494,0.7,angular,34,0.009563,0.009666,0.989330
instrumento σ=0,7 (misma altura),1001.3494,0.7,angular,35,0.009463,0.009563,0.989534
instrumento σ=0,7 (misma altura),1001.3494,0.7,angular,36,0.009380,0.009463,0.991255
instrumento σ=0,7 (misma altura),1001.3494,0.7,angular,37,0.009300,0.009380,0.991415
instrumento σ=0,7 (misma altura),1001.3494,0.7,angular,38,0.009323,0.009300,1.002496
instrumento σ=0,7 (misma altura),1001.3494,0.7,angular,39,0.009258,0.009323,0.993037
instrumento σ=0,7 (misma altura),1001.3494,0.7,angular,40,0.009193,0.009258,0.992946
instrumento σ=0,7 (misma altura),1001.3494,0.7,angular,41,0.009131,0.009193,0.993300
instrumento σ=0,7 (misma altura),1001.3494,0.7,angular,42,0.009075,0.009131,0.993855
instrumento σ=0,7 (misma altura),1001.3494,0.7,angular,43,0.009024,0.009075,0.994422
instrumento σ=0,7 (misma altura),1001.3494,0.7,angular,44,0.008978,0.009024,0.994905
instrumento σ=0,7 (misma altura),1001.3494,0.7,angular,45,0.008936,0.008978,0.995275
instrumento σ=0,7 (misma altura),1001.3494,0.7,angular,46,0.007910,0.008936,0.885211
instrumento σ=0,7 (misma altura),1001.3494,0.7,angular,47,0.007658,0.007910,0.968146
instrumento σ=0,7 (misma altura),1001.3494,0.7,angular,48,0.007708,0.007658,1.006450
instrumento σ=0,7 (misma altura),1001.3494,0.7,angular,49,0.007642,0.007708,0.991438
instrumento σ=0,7 (misma altura),1001.3494,0.7,angular,50,0.007659,0.007642,1.002252
instrumento σ=0,7 (misma altura),1001.3494,0.7,angular,51,0.007674,0.007659,1.001978
instrumento σ=0,7 (misma altura),1001.3494,0.7,angular,52,0.007720,0.007674,1.005964
instrumento σ=0,7 (misma altura),1001.3494,0.7,angular,53,0.007659,0.007720,0.992103
instrumento σ=0,7 (misma altura),1001.3494,0.7,angular,54,0.007669,0.007659,1.001298
instrumento σ=0,7 (misma altura),1001.3494,0.7,angular,55,0.007677,0.007669,1.001146
instrumento σ=0,7 (misma altura),1001.3494,0.7,angular,56,0.007685,0.007677,1.000942
instrumento σ=0,7 (misma altura),1001.3494,0.7,angular,57,0.007690,0.007685,1.000751
instrumento σ=0,7 (misma altura),1001.3494,0.7,angular,58,0.007695,0.007690,1.000601
instrumento σ=0,7 (misma altura),1001.3494,0.7,angular,59,0.007699,0.007695,1.000502
instrumento σ=0,7 (misma altura),1001.3494,0.7,angular,60,0.007702,0.007699,1.000453
instrumento σ=0,7 (misma altura),1001.3494,0.7,angular,61,0.007706,0.007702,1.000450
instrumento σ=0,7 (misma altura),1001.3494,0.7,angular,62,0.007710,0.007706,1.000493
instrumento σ=0,7 (misma altura),1001.3494,0.7,angular,63,0.007714,0.007710,1.000581
instrumento σ=0,7 (misma altura),1001.3494,0.7,angular,64,0.007720,0.007714,1.000716
instrumento σ=0,7 (misma altura),1001.3494,0.7,angular,65,0.007727,0.007720,1.000894
instrumento σ=0,7 (misma altura),1001.3494,0.7,angular,66,0.007735,0.007727,1.001104
instrumento σ=0,7 (misma altura),1001.3494,0.7,angular,67,0.007745,0.007735,1.001315
instrumento σ=0,7 (misma altura),1001.3494,0.7,angular,68,0.007757,0.007745,1.001472
instrumento σ=0,7 (misma altura),1001.3494,0.7,angular,69,0.007712,0.007757,0.994238
instrumento σ=0,7 (misma altura),1001.3494,0.7,angular,70,0.007751,0.007712,1.005041
instrumento σ=0,7 (misma altura),1001.3494,0.7,angular,71,0.007769,0.007751,1.002278
instrumento σ=0,7 (misma altura),1001.3494,0.7,angular,72,0.007787,0.007769,1.002424
instrumento σ=0,7 (misma altura),1001.3494,0.7,angular,73,0.007730,0.007787,0.992683
instrumento σ=0,7 (misma altura),1001.3494,0.7,angular,74,0.007786,0.007730,1.007229
instrumento σ=0,7 (misma altura),1001.3494,0.7,angular,75,0.007768,0.007786,0.997654
instrumento σ=0,7 (misma altura),1001.3494,0.7,angular,76,0.007785,0.007768,1.002129
instrumento σ=0,7 (misma altura),1001.3494,0.7,angular,77,0.007820,0.007785,1.004535
instrumento σ=0,7 (misma altura),1001.3494,0.7,angular,78,0.007769,0.007820,0.993496
instrumento σ=0,7 (misma altura),1001.3494,0.7,angular,79,0.007831,0.007769,1.008014
instrumento σ=0,7 (misma altura),1001.3494,0.7,angular,80,0.007785,0.007831,0.994148
instrumento σ=0,7 (misma altura),1001.3494,0.7,angular,81,0.007851,0.007785,1.008385
instrumento σ=0,7 (misma altura),1001.3494,0.7,angular,82,0.007797,0.007851,0.993117
instrumento σ=0,7 (misma altura),1001.3494,0.7,angular,83,0.007825,0.007797,1.003642
instrumento σ=0,7 (misma altura),1001.3494,0.7,angular,84,0.007856,0.007825,1.003954
instrumento σ=0,7 (misma altura),1001.3494,0.7,angular,85,0.007828,0.007856,0.996414
instrumento σ=0,7 (misma altura),1001.3494,0.7,angular,86,0.007849,0.007828,1.002674
instrumento σ=0,7 (misma altura),1001.3494,0.7,angular,87,0.007884,0.007849,1.004554
instrumento σ=0,7 (misma altura),1001.3494,0.7,angular,88,0.007850,0.007884,0.995597
instrumento σ=0,7 (misma altura),1001.3494,0.7,angular,89,0.007865,0.007850,1.001933
instrumento σ=0,7 (misma altura),1001.3494,0.7,angular,90,0.007878,0.007865,1.001699
instrumento σ=0,7 (misma altura),1001.3494,0.7,angular,91,0.007890,0.007878,1.001438
instrumento σ=0,7 (misma altura),1001.3494,0.7,angular,92,0.007927,0.007890,1.004760
instrumento σ=0,7 (misma altura),1001.3494,0.7,angular,93,0.007895,0.007927,0.995978
instrumento σ=0,7 (misma altura),1001.3494,0.7,angular,94,0.007906,0.007895,1.001361
instrumento σ=0,7 (misma altura),1001.3494,0.7,angular,95,0.007916,0.007906,1.001299
instrumento σ=0,7 (misma altura),1001.3494,0.7,angular,96,0.007926,0.007916,1.001266
instrumento σ=0,7 (misma altura),1001.3494,0.7,angular,97,0.007936,0.007926,1.001268
instrumento σ=0,7 (misma altura),1001.3494,0.7,angular,98,0.007947,0.007936,1.001305
instrumento σ=0,7 (misma altura),1001.3494,0.7,angular,99,0.007958,0.007947,1.001371
instrumento σ=0,7 (misma altura),1001.3494,0.7,angular,100,0.007939,0.007958,0.997624
instrumento σ=0,7 (misma altura),1001.3494,0.7,angular,101,0.007968,0.007939,1.003669
instrumento σ=0,7 (misma altura),1001.3494,0.7,angular,102,0.007980,0.007968,1.001502
instrumento σ=0,7 (misma altura),1001.3494,0.7,angular,103,0.007994,0.007980,1.001748
instrumento σ=0,7 (misma altura),1001.3494,0.7,angular,104,0.008009,0.007994,1.001963
instrumento σ=0,7 (misma altura),1001.3494,0.7,angular,105,0.007984,0.008009,0.996824
instrumento σ=0,7 (misma altura),1001.3494,0.7,angular,106,0.008018,0.007984,1.004246
instrumento σ=0,7 (misma altura),1001.3494,0.7,angular,107,0.008040,0.008018,1.002696
instrumento σ=0,7 (misma altura),1001.3494,0.7,angular,108,0.008013,0.008040,0.996719
instrumento σ=0,7 (misma altura),1001.3494,0.7,angular,109,0.008052,0.008013,1.004885
instrumento σ=0,7 (misma altura),1001.3494,0.7,angular,110,0.008041,0.008052,0.998615
instrumento σ=0,7 (misma altura),1001.3494,0.7,angular,111,0.008069,0.008041,1.003447
instrumento σ=0,7 (misma altura),1001.3494,0.7,angular,112,0.008062,0.008069,0.999138
instrumento σ=0,7 (misma altura),1001.3494,0.7,angular,113,0.008092,0.008062,1.003785
instrumento σ=0,7 (misma altura),1001.3494,0.7,angular,114,0.008078,0.008092,0.998206
instrumento σ=0,7 (misma altura),1001.3494,0.7,angular,115,0.008125,0.008078,1.005846
instrumento σ=0,7 (misma altura),1001.3494,0.7,angular,116,0.008092,0.008125,0.995952
instrumento σ=0,7 (misma altura),1001.3494,0.7,angular,117,0.008112,0.008092,1.002404
instrumento σ=0,7 (misma altura),1001.3494,0.7,angular,118,0.008129,0.008112,1.002148
instrumento σ=0,7 (misma altura),1001.3494,0.7,angular,119,0.008158,0.008129,1.003507
instrumento σ=0,7 (misma altura),1001.3494,0.7,angular,120,0.008140,0.008158,0.997848
instrumento σ=0,7 (misma altura),1001.3494,0.7,angular,121,0.008154,0.008140,1.001736
instrumento σ=0,7 (misma altura),1001.3494,0.7,angular,122,0.008167,0.008154,1.001588
instrumento σ=0,7 (misma altura),1001.3494,0.7,angular,123,0.008179,0.008167,1.001464
instrumento σ=0,7 (misma altura),1001.3494,0.7,angular,124,0.008190,0.008179,1.001378
instrumento σ=0,7 (misma altura),1001.3494,0.7,angular,125,0.008201,0.008190,1.001334
instrumento σ=0,7 (misma altura),1001.3494,0.7,angular,126,0.008212,0.008201,1.001331
instrumento σ=0,7 (misma altura),1001.3494,0.7,angular,127,0.008224,0.008212,1.001371
instrumento σ=0,7 (misma altura),1001.3494,0.7,angular,128,0.008235,0.008224,1.001450
instrumento σ=0,7 (misma altura),1001.3494,0.7,angular,129,0.008248,0.008235,1.001563
instrumento σ=0,7 (misma altura),1001.3494,0.7,angular,130,0.008262,0.008248,1.001700
instrumento σ=0,7 (misma altura),1001.3494,0.7,angular,131,0.008253,0.008262,0.998899
instrumento σ=0,7 (misma altura),1001.3494,0.7,angular,132,0.008278,0.008253,1.002978
instrumento σ=0,7 (misma altura),1001.3494,0.7,angular,133,0.008295,0.008278,1.002101
instrumento σ=0,7 (misma altura),1001.3494,0.7,angular,134,0.008315,0.008295,1.002328
instrumento σ=0,7 (misma altura),1001.3494,0.7,angular,135,0.008292,0.008315,0.997278
instrumento σ=0,7 (misma altura),1001.3494,0.7,angular,136,0.008335,0.008292,1.005149
instrumento σ=0,7 (misma altura),1001.3494,0.7,angular,137,0.008322,0.008335,0.998509
instrumento σ=0,7 (misma altura),1001.3494,0.7,angular,138,0.008358,0.008322,1.004256
instrumento σ=0,7 (misma altura),1001.3494,0.7,angular,139,0.008347,0.008358,0.998690
instrumento σ=0,7 (misma altura),1001.3494,0.7,angular,140,0.008386,0.008347,1.004772
instrumento σ=0,7 (misma altura),1001.3494,0.7,angular,141,0.008368,0.008386,0.997773
instrumento σ=0,7 (misma altura),1001.3494,0.7,angular,142,0.008388,0.008368,1.002448
instrumento σ=0,7 (misma altura),1001.3494,0.7,angular,143,0.008423,0.008388,1.004188
instrumento σ=0,7 (misma altura),1001.3494,0.7,angular,144,0.008406,0.008423,0.997977
instrumento σ=0,7 (misma altura),1001.3494,0.7,angular,145,0.008423,0.008406,1.001954
instrumento σ=0,7 (misma altura),1001.3494,0.7,angular,146,0.008438,0.008423,1.001791
instrumento σ=0,7 (misma altura),1001.3494,0.7,angular,147,0.008452,0.008438,1.001647
instrumento σ=0,7 (misma altura),1001.3494,0.7,angular,148,0.008465,0.008452,1.001538
instrumento σ=0,7 (misma altura),1001.3494,0.7,angular,149,0.008477,0.008465,1.001470
instrumento σ=0,7 (misma altura),1001.3494,0.7,angular,150,0.008489,0.008477,1.001443
instrumento σ=0,7 (misma altura),1001.3494,0.7,angular,151,0.008502,0.008489,1.001456
instrumento σ=0,7 (misma altura),1001.3494,0.7,angular,152,0.008515,0.008502,1.001508
instrumento σ=0,7 (misma altura),1001.3494,0.7,angular,153,0.008528,0.008515,1.001598
instrumento σ=0,7 (misma altura),1001.3494,0.7,angular,154,0.008543,0.008528,1.001722
instrumento σ=0,7 (misma altura),1001.3494,0.7,angular,155,0.008559,0.008543,1.001866
instrumento σ=0,7 (misma altura),1001.3494,0.7,angular,156,0.008551,0.008559,0.999124
instrumento σ=0,7 (misma altura),1001.3494,0.7,angular,157,0.008580,0.008551,1.003405
instrumento σ=0,7 (misma altura),1001.3494,0.7,angular,158,0.008600,0.008580,1.002307
instrumento σ=0,7 (misma altura),1001.3494,0.7,angular,159,0.008591,0.008600,0.998865
instrumento σ=0,7 (misma altura),1001.3494,0.7,angular,160,0.008625,0.008591,1.004049
instrumento σ=0,7 (misma altura),1001.3494,0.7,angular,161,0.008620,0.008625,0.999364
instrumento σ=0,7 (misma altura),1001.3494,0.7,angular,162,0.008654,0.008620,1.003994
instrumento σ=0,7 (misma altura),1001.3494,0.7,angular,163,0.008645,0.008654,0.998963
instrumento σ=0,7 (misma altura),1001.3494,0.7,angular,164,0.008666,0.008645,1.002376
instrumento σ=0,7 (misma altura),1001.3494,0.7,angular,165,0.008694,0.008666,1.003232
instrumento σ=0,7 (misma altura),1001.3494,0.7,angular,166,0.008688,0.008694,0.999311
instrumento σ=0,7 (misma altura),1001.3494,0.7,angular,167,0.008705,0.008688,1.001940
instrumento σ=0,7 (misma altura),1001.3494,0.7,angular,168,0.008720,0.008705,1.001794
instrumento σ=0,7 (misma altura),1001.3494,0.7,angular,169,0.008735,0.008720,1.001677
instrumento σ=0,7 (misma altura),1001.3494,0.7,angular,170,0.008749,0.008735,1.001599
